"AlpAKaS_ID","country_code","data_provider","spring_name","local_station_ID","local_station_name","station_lon","station_lat","station_easting","station_northing","station_elev","station_type","station_in_alp_conv","upstream_stations","downstream_stations","impact_surface_flow","impact_water_extraction","comment_water_use","comment_station","comment_spring","comment_catchment","catch_expert_available","catch_expert_shp","area_catch_expert","area_catch_approx","structural_unit","comment_data","literature","WoKaS_ID","MEDKAM_ID","WOKAM_ID","q_orig_res_inst","q_orig_res_hourly","q_orig_res_daily","q_hourly_available","q_data_quality","q_daily_start","q_daily_end","q_daily_obs","q_daily_compl","q_hourly_start","q_hourly_end","q_hourly_obs","q_hourly_compl","ind_start_date_eobs","ind_end_date_eobs","ind_years_valid_eobs","ind_start_date_era5land","ind_end_date_era5land","ind_years_valid_era5land","ind_start_date_nat","ind_end_date_nat","ind_years_valid_nat"
"AT-0001","AT","BMLUK","Teufelskirche","395012","Teufelskirche",14.2052342244698,47.7869734816468,4636100.01463528,2750446.40315556,541.13,"spring_station",TRUE,NA,NA,FALSE,"FALSE",NA,"second probe which measure in 1-minute intervals has been installed, because of the variability in times of low flow","permanently very high discharges (""Riesenkarstquelle""),  bubbling spring (""Waller""); additional names: Vordere Rettenbachquelle; emerges downstream of a large cave entrance (Teufelskirche), at high discharge rates, water emerges also from the cave entrance","Northern Limestone Alps; high elevations of Sengsengebirge; Wetterstein limestone",TRUE,TRUE,19.201,33.984,"Eastern Alpine","below a water level of 44 cm, the level starts to fluctuate; possibly due to extremely rare hydraulic lift effects","https://opac.geologie.ac.at/ais312/dokumente/Kaiser_Teufelskirche.pdf; https://info.bml.gv.at/dam/jcr:2d1bb4c5-9c5b-41b9-ae3c-882e71c8499d/Mitteilungen-Nr_70.pdf; https://www.researchgate.net/publication/329736113_Karstquellen_im_Nationalpark_Kalkalpen","AT-0016",NA,NA,FALSE,TRUE,FALSE,TRUE,"good","1995-08-10","2023-12-31",10117,0.976,"1995-08-10 09:00:00","2023-12-31 23:00:00",242518,0.974,1995-10-01,2023-09-30,28,1995-10-01,2023-09-30,28,1995-10-01,2023-09-30,28
"AT-0002","AT","BMLUK","Waldbachursprung","395038","Waldbachursprung",13.6070018960308,47.544206712675,4592595.42536336,2721129.2361329,873.86,"spring_station",TRUE,NA,NA,FALSE,"FALSE","previously used for drinking water extraction",NA,"contact spring; highly influenced by glaicers in catchment (Dachstein)","Northern Limestone Alps; Dachstein massif; drains Dachstein formation of 1000 m thickness; catchment delineated by Waldbachursprung – Schwarzkogel – Hinterer Gosausee – Hoher Dachstein – Mitterstein – Waldbachursprung; mean catchment altitude o 2200 m - 2300 m above sea level; highly influenced by glaciers; recharge area varies",TRUE,TRUE,37.523,73.966,"Eastern Alpine",NA,"https://doi.org/10.1007/s00506-018-0536-y; https://opac.geologie.ac.at/ais312/dokumente/AL0021_001_A.pdf; https://info.bml.gv.at/dam/jcr:2d1bb4c5-9c5b-41b9-ae3c-882e71c8499d/Mitteilungen-Nr_70.pdf","AT-0004","Q562",NA,FALSE,TRUE,FALSE,TRUE,"good","1996-03-01","2023-12-31",9759,0.96,"1996-03-01 00:00:00","2023-12-31 23:00:00",233617,0.957,1996-10-01,2023-09-30,26,1996-10-01,2023-09-30,26,1996-10-01,2023-09-30,26
"AT-0003","AT","BMLUK","Hirschbrunn","395053","Hirschbrunn-Seeaustritt",13.6581056303251,47.546707978802,4596426.47829841,2721595.7352181,508.18,"spring_station",TRUE,NA,NA,FALSE,"FALSE",NA,"induction measuring probe 16 m below water level in the spring cave","periodically very high discharges (""Riesenkarstquelle""); fracture which is the entry to an at least 65 m deep vertical cave; discharge only in summer starting at around 13 h due to melt processes; influenced by glaciers","Northern Limestone Alps; Dachstein massif; drains Dachstein formation; catchment delineated by Hirschbrunn – Brettkogel – Schladminger Gletscher – Gjaidalm – Hirschbrunn; mean catchment altitude of 1850 m above sea level (isotope analysis)",FALSE,FALSE,NA,9.995,"Eastern Alpine",NA,"https://doi.org/10.1007/s00506-018-0536-y; https://opac.geologie.ac.at/ais312/dokumente/AL0021_001_A.pdf; https://info.bml.gv.at/dam/jcr:2d1bb4c5-9c5b-41b9-ae3c-882e71c8499d/Mitteilungen-Nr_70.pdf","AT-0040",NA,NA,FALSE,TRUE,FALSE,TRUE,"good","2008-05-14","2023-12-31",5225,0.915,"2008-05-14 10:00:00","2023-12-31 23:00:00",124987,0.912,2008-10-01,2022-09-30,13,2008-10-01,2022-09-30,13,2008-10-01,2022-09-30,13
"AT-0004","AT","BMLUK","Steyernquelle","395079","Steyernquelle",14.3524330184132,47.8247513004742,4646875.17615467,2755276.74281823,545.87,"spring_station",TRUE,NA,NA,FALSE,"FALSE","hydropower plant","two branches: (1) captures with steady discharge (2) overflow with extremely varying discharge; station only measures overflow, while steady discharge is not inlcuded","cave; periodically very high discharges (""Riesenkarstquelle"")","Northern Limestone Alps; Sengsengebirge; tracer tests, probably also recharged by Nock area",TRUE,TRUE,8.197,9.995,"Eastern Alpine",NA,"https://www.researchgate.net/publication/329736113_Karstquellen_im_Nationalpark_Kalkalpen; https://info.bml.gv.at/dam/jcr:2d1bb4c5-9c5b-41b9-ae3c-882e71c8499d/Mitteilungen-Nr_70.pdf","AT-0042",NA,NA,FALSE,TRUE,FALSE,TRUE,"good","1998-01-01","2023-12-31",8740,0.92,"1998-01-01 01:00:00","2023-12-31 23:00:00",209480,0.919,1999-10-01,2023-09-30,22,1999-10-01,2023-09-30,22,1999-10-01,2023-09-30,22
"AT-0005","AT","BMLUK","Pießling Ursprung","395103","Pießling Ursprung",14.2752309246171,47.6919872736477,4641930.93737869,2740206.61451385,752.76,"spring_station",TRUE,NA,NA,FALSE,"FALSE","hydropower plant extracting part of discharge via pipe",NA,"spring pool","Northern Limestone Alps; Warscheneck karst plateau; cave system of 1500 m investigated length",TRUE,TRUE,34.654,55.974,"Eastern Alpine","change of measuring station in 2018","https://doi.org/10.5194/hess-29-3037-2025; https://unipub.uni-graz.at/geograz/content/titleinfo/6012007/full.pdf","AT-0003","Q394","B32",FALSE,TRUE,FALSE,TRUE,"good","1980-06-01","2023-12-31",15917,1,"1980-06-01 06:00:00","2023-12-31 23:00:00",381977,1,1980-10-01,2023-09-30,43,1980-10-01,2023-09-30,43,1980-10-01,2023-09-30,43
"AT-0006","AT","BMLUK","Rettenbachquelle","395111","Rettenbachquelle",14.3138322353827,47.7547586170298,4644429.75806298,2747340.32751421,612.61,"spring_station",TRUE,NA,NA,FALSE,"FALSE",NA,"measures discharge  at old fish ponds, other springs below the cave entrance Teufelsloch","spring pond","Northern Limestone Alps; Sengsengebirge",TRUE,TRUE,25.273,34.984,"Eastern Alpine",NA,"https://www.researchgate.net/publication/329736113_Karstquellen_im_Nationalpark_Kalkalpen; https://info.bml.gv.at/dam/jcr:2d1bb4c5-9c5b-41b9-ae3c-882e71c8499d/Mitteilungen-Nr_70.pdf; https://doi.org/10.5194/hess-29-3037-2025","AT-0011",NA,NA,FALSE,TRUE,FALSE,TRUE,"good","1991-01-01","2023-12-31",12053,1,"1991-01-01 01:00:00","2023-12-31 23:00:00",289271,1,1991-10-01,2023-09-30,32,1991-10-01,2023-09-30,32,1991-10-01,2023-09-30,32
"AT-0007","AT","BMLUK","Quelle Brunnental","395137","Brunnental",14.0952484270755,47.806412095078,4627752.25648336,2752141.21896503,537.91,"spring_station",TRUE,NA,NA,FALSE,"FALSE",NA,NA,NA,"Northern Limestone Alps; Pre-Alps; Kasberg",TRUE,TRUE,7.526,12.994,"Eastern Alpine",NA,NA,NA,NA,NA,FALSE,TRUE,FALSE,TRUE,"good","1976-01-01","2023-12-31",17455,0.996,"1976-01-01 02:00:00","2023-12-31 23:00:00",419906,0.998,1976-10-01,2023-09-30,47,1976-10-01,2023-09-30,47,1976-10-01,2023-09-30,47
"AT-0008","AT","BMLUK","Miesenbachursprung","395145","Langwies/Miesbach",13.7330788734988,47.7858477836131,4600763.97754956,2748422.29301983,434.6,"spring_station",TRUE,NA,NA,FALSE,"FALSE",NA,"gauging station (level indicator)",NA,"Northern Limestone Alps; drains the strongly karstified limestones of the Höllengebirge towards the south; main recharge from high elevations of the Feuerkogelplateau (isotope analysis)",TRUE,TRUE,11.618,24.989,"Eastern Alpine",NA,"https://opac.geologie.ac.at/ais312/dokumente/GmuGeoStud_003_0007_0012.pdf",NA,NA,NA,FALSE,TRUE,FALSE,TRUE,"good","1997-01-01","2023-12-31",9538,0.967,"1997-01-01 01:00:00","2023-12-31 23:00:00",228405,0.965,1997-10-01,2023-09-30,25,1997-10-01,2023-09-30,25,1997-10-01,2023-09-30,25
"AT-0009","AT","BMLUK","Gollinger Wasserfall","395210","Gollinger Wasserfall",13.1367806392987,47.6011308203077,4556955.25418625,2725836.33212542,555,"spring_station",TRUE,NA,NA,FALSE,"FALSE",NA,NA,"cascade spring; very high discharges (""Riesenkarstquelle""); emerges 100 m above valley base level and cascades in two large waterfall steps; additional names: Schwarzbachfall","Northern Limestone Alps; Berchtesgaden Alps; Göll massif; one of the few springs draining the Göll massif",TRUE,TRUE,17.426,25.988,"Eastern Alpine",NA,"https://opac.geologie.ac.at/ais312/dokumente/Huemer_Gollinger%20Wasserfall.pdf; https://info.bml.gv.at/dam/jcr:2d1bb4c5-9c5b-41b9-ae3c-882e71c8499d/Mitteilungen-Nr_70.pdf; https://service.salzburg.gv.at/ins/external/displayRegion?id=432","AT-0006","Q212",NA,FALSE,TRUE,FALSE,TRUE,"good","1999-01-01","2023-12-31",9131,1,"1999-01-01 01:00:00","2023-12-31 23:00:00",219143,1,1999-10-01,2023-09-30,24,1999-10-01,2023-09-30,24,1999-10-01,2023-09-30,24
"AT-0010","AT","BMLUK","Marbachquelle","395244","Marbachquelle",13.4134331935851,47.2520136303025,4579482.76722258,2688003.07558642,1045.98,"stream_station",TRUE,NA,NA,FALSE,"TRUE","drinking water extraction for Eben im Pongau, St. Johann im Pongau, Flachau and Asfinag; 125 l/s extracted upstream of the gauging station","spring capture with drainage pipes and collecting shafts",NA,"Central Eastern Alps; Mosermandl massif; limestone marble and dolomite marble; tracer tests by water supplier ""Obere Enns""",TRUE,TRUE,14.423,12.994,"Eastern Alpine","water level measuring device was destroyed during the flood on August 4, 2017, and rebuilt at the end of September 2018","https://info.bml.gv.at/dam/jcr:2d1bb4c5-9c5b-41b9-ae3c-882e71c8499d/Mitteilungen-Nr_70.pdf","AT-0044",NA,NA,FALSE,TRUE,FALSE,TRUE,"good","1998-01-01","2023-12-31",8730,0.919,"1998-01-01 00:00:00","2023-12-31 23:00:00",209971,0.921,1998-10-01,2023-09-30,21,1998-10-01,2023-09-30,21,1998-10-01,2023-09-30,21
"AT-0011","AT","BMLUK","Dachserfall","395251","Dachserfall",13.3314800951477,47.5447545753683,4571863.59313436,2720217.58409723,672.44,"spring_station",TRUE,NA,NA,FALSE,"FALSE",NA,NA,"multiple spring outlets, spouting spring (""Speier"") (at high discharge rates, the water is ejected 1-2 m horizontally from the wall); emerge significantly higher than the valley base level","Northern Limestone Alps; Tennengebirge; probably mostly lower parts of the Tennengebirge in the east (tracer tests)",TRUE,TRUE,26.952,22.989,"Eastern Alpine",NA,"https://opac.geologie.ac.at/ais312/dokumente/Steir_Beitr_Hydrogeol_Jg1971_005-115.pdf; https://www.zobodat.at/pdf/Hoehle_057_0003-0016.pdf",NA,NA,NA,FALSE,TRUE,FALSE,TRUE,"good","2006-01-01","2023-12-31",6574,1,"2006-01-01 00:00:00","2023-12-31 23:00:00",157775,1,2006-10-01,2023-09-30,17,2006-10-01,2023-09-30,17,2006-10-01,2023-09-30,17
"AT-0012","AT","BMLUK","Schwarze Torrenquelle","395319","Schwarze Torrenquelle",13.1173412730934,47.5653010786639,4555656.73375831,2721796.34640452,518,"spring_station",TRUE,NA,NA,FALSE,"FALSE",NA,"pressure probe at the main spring outlet","very high discharges (""Riesenkarstquelle""); influenced by both karst and talus; additional names: Höllbachquellen","Northern Limestone Alps; Berchtesgaden Alps; Hagengebirge; main drainage direction in Hagengebirge towards Schwarze Torrenquelle; fluctuations of karst water level of up to 300 m; tracer tests indicate that karst aquifer also feeds porous aquifer of the Bluntautal",TRUE,TRUE,24.956,26.988,"Eastern Alpine",NA,"https://doi.org/10.1007/s00767-019-00439-6; https://doi.org/10.13140/RG.2.2.33927.24484",NA,NA,NA,FALSE,TRUE,FALSE,TRUE,"good","2015-06-16","2023-12-31",3121,1,"2015-06-16 01:00:00","2023-12-31 23:00:00",74903,1,2015-10-01,2023-09-30,8,2015-10-01,2023-09-30,8,2015-10-01,2023-09-30,8
"AT-0013","AT","BMLUK","Schwarzlackenquelle","395327","Schwarzlackenquelle",11.4828519671666,47.4252686417054,4432952.71708852,2702416.61968881,1194.5,"spring_station",TRUE,NA,NA,FALSE,"FALSE",NA,"station 100 m below spring outlet in a flume with pressure probe","covered karst spring; influenced by both karst and talus","Northern Limestone Alps; Karwendel",TRUE,TRUE,3.651,4.998,"Eastern Alpine",NA,"https://info.bml.gv.at/dam/jcr:2d1bb4c5-9c5b-41b9-ae3c-882e71c8499d/Mitteilungen-Nr_70.pdf; https://doi.org/10.1007/s00767-019-00440-z",NA,NA,NA,FALSE,TRUE,FALSE,TRUE,"good","1997-01-03","2023-12-31",9371,0.951,"1997-01-03 00:00:00","2023-12-31 23:00:00",216469,0.915,1997-10-01,2023-09-30,23,1997-10-01,2023-09-30,23,1997-10-01,2023-09-30,23
"AT-0014","AT","BMLUK","Schreiende Brunnen","395343","Schreiende Brunnen",12.5793679376177,47.433911150221,4515675.12660326,2705646.81889959,970,"spring_station",TRUE,NA,NA,FALSE,"FALSE",NA,"station 100 m below spring outlet in a 60 cm wide flume","fracture spring (karstic)","Central Eastern Alps; Kitzbühel Alps; Greywacke zone; proven connection to ponor of the Wildsee (tracer tests)",TRUE,TRUE,1.585,1.999,"Eastern Alpine",NA,"https://info.bml.gv.at/dam/jcr:2d1bb4c5-9c5b-41b9-ae3c-882e71c8499d/Mitteilungen-Nr_70.pdf; Markierungsversuch Wildseeloder Fieberbrunn, Tirol (Gerhard Völkl, 1986)","AT-0013",NA,NA,FALSE,TRUE,FALSE,TRUE,"good","1998-01-01","2023-12-31",8825,0.929,"1998-01-01 01:00:00","2023-12-31 23:00:00",209246,0.918,1999-10-01,2023-09-30,21,1999-10-01,2023-09-30,21,1999-10-01,2023-09-30,21
"AT-0015","AT","BMLUK","Stubbachquelle","395350","Stubbachquelle",11.639224025678,47.3519484384054,4444931.20146901,2694521.3265993,980,"spring_station",TRUE,NA,NA,FALSE,"FALSE","drinking water extraction for Vomp","spring capture; measuring station in gallery","additional names: Stupbachquelle","Northern Limestone Alps; Karwendel; aquifer consists mainly of Wetterstein formation;",TRUE,TRUE,1.252,1.999,"Eastern Alpine","1992-1994 and 1996-1997 only daily mean discharge","https://info.bml.gv.at/dam/jcr:2d1bb4c5-9c5b-41b9-ae3c-882e71c8499d/Mitteilungen-Nr_70.pdf","AT-0057",NA,NA,FALSE,TRUE,FALSE,TRUE,"good","1992-01-01","2023-12-31",11070,0.947,"1992-01-01 00:00:00","2023-12-31 23:00:00",223861,0.798,1992-10-01,2023-09-30,28,1992-10-01,2023-09-30,28,1992-10-01,2023-09-30,28
"AT-0016","AT","BMLUK","Schwarzbach-Moosquelle","395368","Schwarzbach-Moosquelle",11.00486529685,47.3730388723872,4396945.0342796,2696008.23452429,1419.9,"spring_station",TRUE,NA,NA,TRUE,"FALSE",NA,"station 500 m below spring to measure the entire discharge; influence of surface water for strong precipitation events","multiple spring outlets","Northern Limestone Alps; Mieming Range",FALSE,FALSE,NA,1.999,"Eastern Alpine",NA,"https://info.bml.gv.at/dam/jcr:2d1bb4c5-9c5b-41b9-ae3c-882e71c8499d/Mitteilungen-Nr_70.pdf","AT-0053",NA,NA,FALSE,TRUE,FALSE,TRUE,"good","1998-10-01","2023-12-31",8444,0.916,"1998-10-01 00:00:00","2023-12-31 23:00:00",202278,0.914,2000-10-01,2023-09-30,20,2000-10-01,2023-09-30,20,2000-10-01,2023-09-30,20
"AT-0017","AT","BMLUK","Mühlbachlquelle","395376","Mühlbachlquelle",12.3863272662108,47.6097180715996,4500500.64241487,2724683.34165539,675.89,"spring_station",TRUE,NA,NA,FALSE,"TRUE","hydropower plant",NA,"multiple spring outlets; spring horizon 20 m above valley level; additional names: Kohlenbachquelle","Northern Limestone Alps; Kaiser mountains; mean catchment elevation 1550 m above sea level (isotope analysis, uncertainty due to little data); complex catchment larger than orographic catchment area; probably extends towards the central part of the Unterberghorn massif; karstic features (sink holes, dolines)",FALSE,FALSE,NA,6.997,"Eastern Alpine","short-term discharge fluctuations due to power plant operation; lower level around 2020","https://doi.org/10.1007/s00767-009-0124-y; Karsthydrologische Untersuchungen im Kaisergebirge: Markierungsversuche zur Feststellung der Quelleneinzugsgebiete als Grundlage für Schutz- und Schongebietsverordnungen (Gerhard Völkl, 1988); https://wasser.energieagentur.tirol/fileadmin/user_upload/Wasser_Tirol_-_Dienstleistungs-GmbH/Unternehmen/Publikationen/21-10-07_Gro%C3%9Fmassenbewegung_im_Kohlental_am_Unterberghorn.pdf",NA,NA,NA,FALSE,TRUE,FALSE,TRUE,"good","2002-09-30","2023-12-31",7370,0.949,"2002-09-30 14:00:00","2023-12-31 23:00:00",177167,0.951,2002-10-01,2019-09-30,15,2002-10-01,2019-09-30,15,2002-10-01,2019-09-30,15
"AT-0018","AT","BMLUK","Lehnbachquellen","395400","Lehnbachquellen",10.5638117284497,47.4246871182,4363570.05811395,2701393.17484014,1011.37,"spring_station",TRUE,NA,NA,FALSE,"FALSE",NA,"station 500 m below spring to measure the entire discharge","diffuse; linear spring along spring horizon of 200 m width","Northern Limestone Alps; Lechtal Alps; possibly influenced by unconsolidated alluvium",TRUE,TRUE,1.025,1,"Eastern Alpine",NA,"https://info.bml.gv.at/dam/jcr:2d1bb4c5-9c5b-41b9-ae3c-882e71c8499d/Mitteilungen-Nr_70.pdf","AT-0049",NA,NA,FALSE,TRUE,FALSE,TRUE,"good","1999-09-12","2020-08-18",7116,0.931,"1999-09-12 08:00:00","2020-08-18 11:00:00",170450,0.929,1999-10-01,2020-09-30,18,1999-10-01,2020-09-30,18,1999-10-01,2020-09-30,18
"AT-0019","AT","BMLUK","Schwarzbodenquelle","395426","Schwarzbodenquelle",12.6702315850611,46.7767685940463,4525072.84162507,2632930.84572809,1200,"spring_station",TRUE,NA,NA,FALSE,"FALSE","drinking water extraction for Assling","spring capture; measuring weir in water chamber",NA,"Southern Limestone Alps; Lienz Dolomites",TRUE,TRUE,0.377,0.9,"Eastern Alpine","tunnel driving works in the 1980s for the TIWAG-gallery led to a temporary rapid decrease of discharge; spring discharge decreased significantly during construction of the hydro power station Amlach; likely changing levels","https://www.oevh.org/wp-content/uploads/Bd54_s005-062_Probst-et-al_inkl_Anhang.pdf; https://info.bml.gv.at/dam/jcr:2d1bb4c5-9c5b-41b9-ae3c-882e71c8499d/Mitteilungen-Nr_70.pdf","AT-0055",NA,NA,FALSE,TRUE,FALSE,TRUE,"good","1995-01-01","2020-11-03",9212,0.976,"1995-01-01 10:00:00","2020-11-03 09:00:00",220962,0.975,2008-10-01,2020-09-30,12,2008-10-01,2020-09-30,12,2008-10-01,2020-09-30,12
"AT-0020","AT","BMLUK","Blaue Quelle","395434","Blaue Quelle",12.1869062514684,47.6702605635103,4485312.26134956,2730944.49332471,470.68,"spring_station",TRUE,NA,NA,FALSE,"TRUE","hydropower plant",NA,"karst spring likely influenced by talus or pore groundwater","Northern Limestone Alps; Chiemgau Alps; small temperature and electrical conductivity variations indicate high contribution of deep karst waters; possibly influence of porous aquifers or Hangschutt; mean transit times of 5-6 years (TIWAG 1991/92)",TRUE,TRUE,4.278,18.991,"Eastern Alpine","1992-1997 only daily mean data; short-term discharge fluctuations due to power plant operation in 1998-1999 and 2001-2012","Großquellen-Hydrogeologie Erl: Untersuchungsphase 1 (Fleischhacker, 1994); https://info.bml.gv.at/dam/jcr:2d1bb4c5-9c5b-41b9-ae3c-882e71c8499d/Mitteilungen-Nr_70.pdf","AT-0005",NA,NA,FALSE,TRUE,FALSE,TRUE,"good","1992-08-27","2023-12-31",10776,0.941,"1992-08-27 00:00:00","2023-12-31 23:00:00",221371,0.806,1992-10-01,2023-09-30,27,1992-10-01,2023-09-30,27,1992-10-01,2023-09-30,27
"AT-0021","AT","BMLUK","Pulverermühlquelle","395442","Pulverermühlquelle",11.7894702494176,47.5247103507627,4455838.1269038,2713973.77915054,1053,"spring_station",TRUE,NA,NA,FALSE,"TRUE","drinking water extraction for municipality Steinberg am Rofan; extraction upstream of gauging station","spring capture; station 100 m below spring capture; measuring weir","talus spring","Northern Limestone Alps; main drainage of Guffert massif; talus spring karst influence likely",TRUE,TRUE,3.111,1.999,"Eastern Alpine","data >1m³/s is less reliable due to torrential character","https://www.zobodat.at/pdf/Hoehle_72_0092-0107.pdf; https://info.bml.gv.at/dam/jcr:2d1bb4c5-9c5b-41b9-ae3c-882e71c8499d/Mitteilungen-Nr_70.pdf",NA,NA,NA,FALSE,TRUE,FALSE,TRUE,"good","1999-09-16","2023-12-31",8277,0.933,"1999-09-16 00:00:00","2023-12-31 23:00:00",198189,0.931,1999-10-01,2023-09-30,22,1999-10-01,2023-09-30,22,1999-10-01,2023-09-30,22
"AT-0022","AT","BMLUK","Auebachquelle","395467","Auebachquelle",12.289123168309,47.5363904182362,4493436.21949738,2716308.14839092,991,"spring_station",TRUE,NA,NA,FALSE,"FALSE","drinking water extraction","spring capture; pressure probe in water chamber","talus spring","Northern Limestone Alps; Kaiser mountains; talus spring but karst influence likely",TRUE,TRUE,0.511,0.9,"Eastern Alpine","in 2003 and 2004, during extreme flow conditions, influence from backwater from the tailrace is possible","https://info.bml.gv.at/dam/jcr:2d1bb4c5-9c5b-41b9-ae3c-882e71c8499d/Mitteilungen-Nr_70.pdf",NA,NA,NA,FALSE,TRUE,FALSE,TRUE,"good","2000-01-01","2023-12-31",8416,0.96,"2000-01-01 01:00:00","2023-12-31 23:00:00",201769,0.959,2000-10-01,2023-09-30,22,2000-10-01,2023-09-30,22,2000-10-01,2023-09-30,22
"AT-0023","AT","BMLUK","Moosbrunnquelle","395483","Moosbrunnquelle",12.8538125034843,46.7923301349903,4539031.25652968,2635180.28603203,641.1,"spring_station",TRUE,NA,NA,FALSE,"FALSE",NA,"station 50 m below spring outlet","spring outlet in the cellar of a residential building","Southern Limestone Alps; Lienz Dolomites; mean catchment elevation 1650 m above sea level (isotope analysis); Main Dolomite; high storage capacity; mainly fractured aquifer, possibly influenced by porous aquifer",TRUE,TRUE,1.45,6.997,"Eastern Alpine","in January 2000, the measuring station was modified; as of 2018 no reliable measurements are possible anymore","https://info.bml.gv.at/dam/jcr:2d1bb4c5-9c5b-41b9-ae3c-882e71c8499d/Mitteilungen-Nr_70.pdf; https://www.oevh.org/wp-content/uploads/Bd54_s005-062_Probst-et-al_inkl_Anhang.pdf","AT-0051",NA,NA,FALSE,TRUE,FALSE,TRUE,"good","2000-07-01","2023-12-31",7975,0.929,"2000-07-01 08:00:00","2023-12-31 23:00:00",190938,0.927,2000-10-01,2023-09-30,21,2000-10-01,2023-09-30,21,2000-10-01,2023-09-30,21
"AT-0024","AT","BMLUK","Ursprungquelle (Lehnberg)","395509","Ursprungquelle (Lehnberg)",10.9265450952732,47.3341523270419,4391078.54538105,2691611.18230673,1593.05,"spring_station",TRUE,NA,NA,FALSE,"FALSE","drinking water extraction for Obsteig","spring capture; discharge measurement in the water chamber (constructed in 2003)","influenced by both karst and talus; additional names: Siebenbründln, Siebenbrunn, Sieben Brundl","Northern Limestone Alps; Mieming Range; Wetterstein limestone; highest elevation in the catchment at 2768 m above sea level",TRUE,TRUE,2.901,2.999,"Eastern Alpine",NA,"https://doi.org/10.1029/2022WR032602; https://info.bml.gv.at/dam/jcr:2d1bb4c5-9c5b-41b9-ae3c-882e71c8499d/Mitteilungen-Nr_70.pdf",NA,NA,NA,FALSE,TRUE,FALSE,TRUE,"good","2003-01-01","2022-12-31",6995,0.958,"2003-01-01 03:00:00","2022-12-31 23:00:00",167635,0.956,2003-10-01,2022-09-30,18,2003-10-01,2022-09-30,18,2003-10-01,2022-09-30,18
"AT-0025","AT","BMLUK","Siebenbrunnenquelle","395533","Siebenbrunnenquelle",11.4098250762831,47.125579430506,4428053.70915189,2669020.73858736,1500,"spring_station",TRUE,NA,NA,FALSE,"FALSE",NA,NA,"influenced by both karst and talus; additional names: Siebenbründln, Siebenbrunn, Sieben Brundl","Central Eastern Alps; Stubai Alps",TRUE,TRUE,1.307,1.999,"Eastern Alpine",NA,NA,NA,NA,NA,FALSE,TRUE,FALSE,TRUE,"good","2007-11-15","2022-12-31",5147,0.931,"2007-11-15 01:00:00","2022-12-31 23:00:00",123355,0.93,2007-10-01,2022-09-30,14,2007-10-01,2022-09-30,14,2007-10-01,2022-09-30,14
"AT-0026","AT","BMLUK","Lastal-Stollenquelle","395541","Lastal-Stollenquelle",12.6021387758493,47.5258466250782,4517044.71766573,2715916.26482063,1010,"spring_station",TRUE,NA,NA,FALSE,"FALSE","drinking water extraction for St. Ulrich am Pillernsee","spring capture; capture destroyed in 2019, construction work since","covered karst spring; influenced by both karst and talus","Northern Limestone Alps; Lofer Mountains",TRUE,TRUE,1.625,1,"Eastern Alpine","no data after 2019 due to destruction; new gauging station in 2025","https://info.bml.gv.at/dam/jcr:2d1bb4c5-9c5b-41b9-ae3c-882e71c8499d/Mitteilungen-Nr_70.pdf",NA,NA,NA,FALSE,TRUE,FALSE,TRUE,"good","2008-01-01","2019-07-29",4093,0.968,"2008-01-01 00:00:00","2019-07-29 08:00:00",98088,0.967,2008-10-01,2018-09-30,10,2008-10-01,2018-09-30,10,2008-10-01,2018-09-30,10
"AT-0027","AT","BMLUK","Große Mühlquelle","395574","Große Mühlquelle",15.202310581175,47.9086612012312,4709758.70802319,2768694.18177311,540,"spring_station",TRUE,NA,NA,FALSE,"FALSE",NA,NA,"cave","Northern Limestone Alps; tracer tests in the 1980s; subsurface drainage of the Ötscher massif up to the summit region; karst water remerges at the Wasserloch at the contact with the less permeable Werfener Schichten and Haselgebirge and feeds the short surface stream Nestelbergbach before it sinks and remerges at the Große Mühlbachquelle; water at the Große Mühlbachquelle contains a second component which does not originate from the Nestelbergbach-sinks (chemical analysis indicates influence of deep water circulation exceeding the local recharge area)",TRUE,TRUE,9.422,18.991,"Eastern Alpine",NA,"https://hoehle.org/downloads/speldok_30.pdf; https://opac.geologie.ac.at/ais312/dokumente/Ehrendorfer&Luger_gro%C3%9Fe%20M%C3%BChlquelle.pdf; https://info.bml.gv.at/dam/jcr:2d1bb4c5-9c5b-41b9-ae3c-882e71c8499d/Mitteilungen-Nr_70.pdf; Karstwasservorkommen Oberes Erlauftal: Forschungsvorhaben NA 6e/1982–1987; Endbericht-Kurzfassung (Hacker, P. & Spendlingwimmer, R., 1989)","AT-0034",NA,NA,FALSE,TRUE,FALSE,TRUE,"good","1995-02-01","2022-12-31",8413,0.825,"1995-02-01 00:00:00","2022-12-31 23:00:00",201246,0.822,1995-10-01,2022-09-30,20,1995-10-01,2022-09-30,20,1995-10-01,2022-09-30,20
"AT-0028","AT","BMLUK","Ursulaquelle","395582","Ursulaquelle",16.1402525000124,47.633725348172,4782142.36979329,2743605.94334284,420,"spring_station",TRUE,NA,NA,FALSE,"FALSE","drinking water extraction for Unteres Pitten- and Schwarzatal","spring capture in gallery",NA,"Central Eastern Alps; Bucklige Welt; transition between karstifiable central alpine carbonates and impermeable mica-schists; highest elevation in catchment between 700 and 800 m above sea level; allogenic recharge by two sinking rivers",FALSE,FALSE,NA,1,"Eastern Alpine","data after May 2017 were removed due to unusual behavior in hydrograph; modification of capture in 2019, cannot be used as gauging station anymore","https://info.bml.gv.at/dam/jcr:2d1bb4c5-9c5b-41b9-ae3c-882e71c8499d/Mitteilungen-Nr_70.pdf; https://hoehle.org/downloads/speldok_30.pdf","AT-0038",NA,NA,FALSE,TRUE,FALSE,TRUE,"good","1996-01-01","2017-05-09",6090,0.781,"1996-01-01 13:00:00","2017-05-09 09:00:00",145435,0.777,1996-10-01,2016-09-30,11,1996-10-01,2016-09-30,11,1996-10-01,2016-09-30,11
"AT-0029","AT","BMLUK","Reithbachquelle","395590","Reithbachquelle",14.8776373999044,47.8422693071503,4686011.55031393,2759674.53985352,560,"spring_station",TRUE,NA,NA,FALSE,"FALSE","drinking water extraction","spring capture",NA,"Northern Limestone Alps; drains the Main Dolomite of the Friesling mountain; well karstified dolomite",TRUE,TRUE,6.186,8.996,"Eastern Alpine",NA,"https://hoehle.org/downloads/speldok_30.pdf; https://info.bml.gv.at/dam/jcr:2d1bb4c5-9c5b-41b9-ae3c-882e71c8499d/Mitteilungen-Nr_70.pdf","AT-0036",NA,NA,FALSE,TRUE,FALSE,TRUE,"good","1996-01-01","2022-12-31",9002,0.913,"1996-01-01 00:00:00","2022-12-31 23:00:00",215557,0.911,1996-10-01,2022-09-30,23,1996-10-01,2022-09-30,23,1996-10-01,2022-09-30,23
"AT-0030","AT","BMLUK","Steinbachquelle","395608","Steinbachquelle",14.7670975505765,47.8130992880436,4677955.88081608,2755898.84453411,500,"spring_station",TRUE,NA,NA,FALSE,"FALSE",NA,NA,"spring pool","Northern Limestone Alps; drains Main Dolomite of the Oisberg mountain",TRUE,TRUE,10.629,18.991,"Eastern Alpine",NA,"https://hoehle.org/downloads/speldok_30.pdf; https://info.bml.gv.at/dam/jcr:2d1bb4c5-9c5b-41b9-ae3c-882e71c8499d/Mitteilungen-Nr_70.pdf","AT-0014",NA,NA,FALSE,TRUE,FALSE,TRUE,"good","1999-07-01","2022-12-31",7613,0.887,"1999-07-01 11:00:00","2022-12-31 23:00:00",191377,0.929,2000-10-01,2022-09-30,19,2000-10-01,2022-09-30,19,2000-10-01,2022-09-30,19
"AT-0031","AT","BMLUK","Antoniusbründl","395616","Antoniusbründl",16.0799637112387,47.9672974383056,4774665.33645811,2780198.54203013,330,"spring_station",TRUE,NA,NA,FALSE,"FALSE","drinking water extraction for municipalities Triestingtal and Südbahn","spring capture",NA,"Northern Limestone Alps; Gutenstein Alps; Main Dolomite and Plattenkalk",FALSE,FALSE,NA,9.995,"Eastern Alpine",NA,"https://hoehle.org/downloads/speldok_30.pdf",NA,NA,NA,FALSE,TRUE,FALSE,TRUE,"good","2007-01-01","2015-12-31",3201,0.974,"2007-01-01 00:00:00","2015-12-31 23:00:00",76747,0.973,2007-10-01,2015-09-30,8,2007-10-01,2015-09-30,8,2007-10-01,2015-09-30,8
"AT-0032","AT","BMLUK","Union Quelle","395673","Union Quelle",13.8034223437219,46.629876394157,4612409.24301668,2620411.03988302,556.33,"spring_station",TRUE,NA,NA,FALSE,"FALSE","drinking water extraction","spring capture",NA,"Southern Limestone Alps; drains northeastern part of the Villacher Alpe",FALSE,FALSE,NA,11.995,"Eastern Alpine","1995 - 2003 only daily mean discharge","https://opac.geologie.ac.at/ais312/dokumente/AL0014_119_A.pdf; https://info.bml.gv.at/dam/jcr:2d1bb4c5-9c5b-41b9-ae3c-882e71c8499d/Mitteilungen-Nr_70.pdf; Problematik der Schutzgebietserstellung im Karst Karstwasserschutzkonzept Dobratsch: Ein Schutzkonzept für die hochgelegenen Bereiche des Einzugsgebietes der Thomas- und Unionquelle (Knittel, 1997)","AT-0032",NA,NA,FALSE,TRUE,FALSE,TRUE,"good","1995-01-02","2023-12-31",9508,0.898,"1995-01-02 00:00:00","2023-12-31 23:00:00",152664,0.601,1995-10-01,2023-09-30,25,1995-10-01,2023-09-30,25,1995-10-01,2023-09-30,25
"AT-0033","AT","BMLUK","Fellbachquelle","395707","Fellbachquelle",13.3304227231608,46.7426261782226,4575657.29352613,2631181.62518907,888,"spring_station",TRUE,NA,NA,FALSE,"FALSE",NA,"pressure probe in spring trough","covered karst spring; influenced by both karst and talus","Southern Limestone Alps; influenced by both karst and talus",TRUE,TRUE,6.994,7.996,"Eastern Alpine","higher level around 2013","https://info.bml.gv.at/dam/jcr:2d1bb4c5-9c5b-41b9-ae3c-882e71c8499d/Mitteilungen-Nr_70.pdf",NA,NA,NA,FALSE,TRUE,FALSE,TRUE,"good","1999-05-25","2023-12-31",8353,0.929,"1999-05-25 10:00:00","2023-12-31 23:00:00",200431,0.929,2012-10-01,2023-09-30,9,2012-10-01,2023-09-30,9,2012-10-01,2023-09-30,9
"AT-0034","AT","BMLUK","Lappenbachquelle","395715","Lappenbachquelle",13.0424070843055,46.7242860826098,4553729.77925266,2628200.63514798,870,"spring_station",TRUE,NA,NA,FALSE,"FALSE",NA,"pressure probe in spring trough","influence of tuff deposits","Southern Limestone Alps; drains fractured Main Dolomite aquifer which is refilled with Neogene sediments (balancing effect on hydrograph dynamics)",TRUE,TRUE,0.229,1,"Eastern Alpine",NA,"https://doi.org/10.1002/hyp.15326; https://info.bml.gv.at/dam/jcr:2d1bb4c5-9c5b-41b9-ae3c-882e71c8499d/Mitteilungen-Nr_70.pdf","AT-0030","Q590",NA,FALSE,TRUE,FALSE,TRUE,"good","2000-01-01","2023-12-31",8108,0.925,"1999-01-01 01:00:00","2023-12-31 23:00:00",203090,0.927,2000-10-01,2023-09-30,20,2000-10-01,2023-09-30,20,2000-10-01,2023-09-30,20
"AT-0035","AT","BMLUK","Gerstenbödenquelle","395731","Gerstenbödenquelle",9.76754270546732,47.256347345652,4303391.50085248,2682556.96927396,1083.07,"spring_station",TRUE,NA,NA,TRUE,"FALSE",NA,"during high precipitaion events, a surface flow component influences the measurements","likely influence of talus","Northern Limestone Alps; Freschen massif",TRUE,TRUE,0.81,0.9,"Helvetic",NA,"https://info.bml.gv.at/dam/jcr:2d1bb4c5-9c5b-41b9-ae3c-882e71c8499d/Mitteilungen-Nr_70.pdf","AT-0064",NA,NA,FALSE,TRUE,FALSE,TRUE,"good","1996-01-01","2023-12-31",9127,0.892,"1996-01-01 00:00:00","2023-12-31 23:00:00",218328,0.89,1996-10-01,2023-09-30,21,1996-10-01,2023-09-30,21,1996-10-01,2023-09-30,21
"AT-0036","AT","BMLUK","Goldbachquelle","395749","Goldbachquelle",10.0466632951077,47.3827333871646,4324526.15299804,2696571.21948537,997.43,"spring_station",TRUE,NA,NA,FALSE,"FALSE",NA,NA,"covered karst spring; influenced by both karst and talus","Northern Limestone Alps; Hochifen-Gottesacker region",FALSE,FALSE,NA,1,"Helvetic",NA,"https://info.bml.gv.at/dam/jcr:2d1bb4c5-9c5b-41b9-ae3c-882e71c8499d/Mitteilungen-Nr_70.pdf; https://doi.org/10.1007/s00015-005-1143-z",NA,NA,NA,FALSE,TRUE,FALSE,TRUE,"good","1997-01-18","2023-12-31",9731,0.989,"1997-01-18 15:00:00","2023-12-31 23:00:00",233418,0.988,1997-10-01,2023-09-30,26,1997-10-01,2023-09-30,26,1997-10-01,2023-09-30,26
"AT-0037","AT","BMLUK","Fidelisquelle","395756","Fidelisquelle",9.93142455822499,46.984443609147,4315778.4101404,2652327.96618619,1289.05,"spring_station",TRUE,NA,NA,FALSE,"TRUE","drinking water extraction for St. Gallenkirch since 2002 (small amount) upstream of the station; hydropower plant as of mid-2024 (not yet considered in discharge data) of around 30 l/s which are continuously extracted","spring capture (partly, rest is overflowing); station had to be moved in 2002 from above the road to below the road when the spring was partly captured for drinking water supply; only overflow is measured",NA,"Central Eastern Alps; Rätikon; Sulzfluh limestone; mean catchment altitude 2300 m above sea level; catchment mostly in Switzerland (7.5 km²); only 4.1 km² autogenic (karst surface), allogenic recharge from surrounding crystalline slopes",TRUE,TRUE,6.374,6.997,"Eastern Alpine","problems with power supply, mudslides and torrential flow led to data gaps and poorer data quality in the beginning; data gaps during construction work in 2002 and 2003","https://opac.geologie.ac.at/ais312/dokumente/Mathis_Fidelisquelle.pdf; https://info.bml.gv.at/dam/jcr:2d1bb4c5-9c5b-41b9-ae3c-882e71c8499d/Mitteilungen-Nr_70.pdf","AT-0062",NA,NA,FALSE,TRUE,FALSE,TRUE,"good","1998-01-01","2023-12-31",8608,0.906,"1998-01-01 01:00:00","2023-12-31 23:00:00",205919,0.904,1998-10-01,2023-09-30,22,1998-10-01,2023-09-30,22,1998-10-01,2023-09-30,22
"AT-0038","AT","BMLUK","Aubachquelle","395764","Aubachquelle",10.1719251954764,47.3591284542276,4333997.56691953,2693962.75175868,1075.55,"spring_station",TRUE,NA,NA,TRUE,"FALSE",NA,"station in the Aubach river bed; influenced by surface flow during strong precipitation events and snowmelt","intermittent; overflow spring","Northern Limestone Alps; Hochifen-Gottesacker region; Schrattenkalk limestone of about 100 m thickness; autogenic and additional allogenic recharge from adjacent Flysch region (depending on whether the estavelle acts as spring or as a sinkhole); also receives water from upstream karst catchments",TRUE,TRUE,28.919,20.99,"Helvetic","data gaps in winter due to insufficient power supply by the solar panels","https://doi.org/10.5194/hess-22-3807-2018; https://doi.org/10.1007/s00015-005-1143-z; https://doi.org/10.5194/hess-27-1961-2023; https://info.bml.gv.at/dam/jcr:2d1bb4c5-9c5b-41b9-ae3c-882e71c8499d/Mitteilungen-Nr_70.pdf","AT-0060",NA,NA,FALSE,TRUE,FALSE,TRUE,"good","1999-01-01","2023-12-31",7753,0.849,"1999-01-01 01:00:00","2023-12-31 23:00:00",184857,0.844,1999-10-01,2023-09-30,19,1999-10-01,2023-09-30,19,1999-10-01,2023-09-30,19
"AT-0039","AT","BMLUK","Marulbachquelle","395772","Marulbachquelle",9.92141350801442,47.1991404081257,4315040.58515997,2676177.45006662,1045,"spring_station",TRUE,NA,NA,FALSE,"FALSE",NA,NA,"likely influence of talus","Northern Limestone Alps; Lechquellen Mountains; only spring outlet of the system; possibly influenced by talus",TRUE,TRUE,2.85,5.997,"Eastern Alpine","gaps between 2000-2012; data quality unsure","https://doi.org/10.5445/IR/1000124441",NA,NA,NA,FALSE,TRUE,FALSE,TRUE,"good","2000-05-24","2023-12-31",6675,0.774,"2000-05-24 14:00:00","2023-12-31 23:00:00",159681,0.772,2008-10-01,2023-09-30,12,2008-10-01,2023-09-30,12,2008-10-01,2023-09-30,12
"AT-0040","AT","BMLUK","Roßlochquelle","395822","Roßlochquelle",15.4742308610016,47.6981352427465,4731720.09521915,2746819.36031577,820,"spring_station",TRUE,NA,NA,FALSE,"FALSE",NA,"no spring capture; measuring weir below the spring outlet",NA,"Northern Limestone Alps; Mürzsteg Alps; Wetterstein limestone; Roßlochklamm; mean catchment altitude of 1000 m above sea level (isotope analysis); connection between sinkhole at Herrenboden and spring (tracer test in 1969)",TRUE,TRUE,13.755,15.993,"Eastern Alpine","station abandoned in 2014 due to construction of  fish ponds","https://info.bml.gv.at/dam/jcr:2d1bb4c5-9c5b-41b9-ae3c-882e71c8499d/Mitteilungen-Nr_70.pdf; https://app.hydrographie.steiermark.at/berichte/quelleneinzugsgebiete.pdf; https://www.wasserwirtschaft.steiermark.at/cms/dokumente/12893120_102332494/ad4c5e88/A28165002047_BER_QKlim_STMK.pdf","AT-0045","Q265","B33",FALSE,TRUE,FALSE,TRUE,"good","1997-07-01","2013-10-07",5811,0.978,"1997-07-01 01:00:00","2013-10-07 11:00:00",139365,0.977,1997-10-01,2013-09-30,16,1997-10-01,2013-09-30,16,1997-10-01,2013-09-30,16
"AT-0041","AT","BMLUK","Hammerbachquelle","395855","Hammerbachquelle",15.3473368309835,47.2098582800976,4726016.4809964,2691986.77783114,410,"spring_station",TRUE,NA,NA,FALSE,"FALSE",NA,"at high discharge, the system overflows towards Schmelzbach spring; concrete channel with measuring weir directly at spring outlet",NA,"Northern Limestone Alps; drains Tanneben karst massif; mean catchment elevation 650 m above sea level (isotope analysis); binary catchment: autogenic recharge (Tanneben plateau) and allogenic recharge (Semriach basin with sinking stream Lurbach)",TRUE,TRUE,19.92,16.992,"Eastern Alpine",NA,"https://app.hydrographie.steiermark.at/berichte/quelleneinzugsgebiete.pdf; https://doi.org/10.1007/s00767-013-0234-4; https://www.wasserwirtschaft.steiermark.at/cms/dokumente/12893120_102332494/ad4c5e88/A28165002047_BER_QKlim_STMK.pdf; https://info.bml.gv.at/dam/jcr:2d1bb4c5-9c5b-41b9-ae3c-882e71c8499d/Mitteilungen-Nr_70.pdf","AT-0008",NA,NA,FALSE,TRUE,FALSE,TRUE,"good","1995-01-01","2022-12-31",10036,0.981,"1995-01-01 00:00:00","2022-12-31 23:00:00",240789,0.981,1995-10-01,2022-09-30,26,1995-10-01,2022-09-30,26,1995-10-01,2022-09-30,26
"AT-0042","AT","BMLUK","Sagtümpel","395863","Sagtümpel",14.0305507084483,47.5825484970309,4624227.9337153,2727029.76754732,970,"spring_station",TRUE,NA,NA,FALSE,"FALSE","drinking water extraction for the Tauplitz (spring capture in 1975 and ended in 2002 due to poor water quality due to waste dumps in dolines and shafts in the catchment area dating from before the 70s)","spring capture (no longer maintained in the 2000s); discharge measurement at weir 50 m downstream below outlet; for discharge >1 m³/s, a second karst spring 2 m higher and 150 m WNW is activated (Tiefenbach-Ursprung), both discharges increase in parallel; three other overflow springs start to discharge during flood conditions; funnel-shaped spring lake in quaternary gorund moraine, water emerges probably from conduit in underlying thin Dachstein limestones","spring pool; vauclusian; very high discharges (""Riesenkarstquelle"")","Northern Limestone Alps; Totes Gebirge; mean catchment elevation 1500 m above sea level (isotope analysis); lots of surface karst features",FALSE,FALSE,NA,6.997,"Eastern Alpine","data gap in October 2016 due to renaturation of the spring: demolition of concrete spring capture","https://app.hydrographie.steiermark.at/berichte/quelleneinzugsgebiete.pdf; https://www.zobodat.at/pdf/Hoehle_69_0121-0135.pdf; https://www.wasserwirtschaft.steiermark.at/cms/dokumente/12893120_102332494/ad4c5e88/A28165002047_BER_QKlim_STMK.pdf; https://info.bml.gv.at/dam/jcr:2d1bb4c5-9c5b-41b9-ae3c-882e71c8499d/Mitteilungen-Nr_70.pdf","AT-0047",NA,NA,FALSE,TRUE,FALSE,TRUE,"good","1998-06-29","2022-12-31",8726,0.975,"1998-06-29 18:00:00","2022-12-31 23:00:00",209219,0.974,1998-10-01,2022-09-30,22,1998-10-01,2022-09-30,22,1998-10-01,2022-09-30,22
"AT-0043","AT","BMLUK","Wassermannsloch","395871","Wassermannsloch",14.8265499754827,47.5817405130747,4684029.26122485,2730523.85890321,584.9,"spring_station",TRUE,NA,NA,FALSE,"FALSE",NA,"discharge measurment at weir 30 m downstream of the main spring outlet","spring pool (end of an extensive cave system); additional names: Schwarze Lacke","Northern Limestone Alps; Hochschwab mountains; mean catchment elevation 1400 m above sea level (isotope analysis); Wetterstein limestone and dolomite; deep karstification",TRUE,TRUE,32.401,16.992,"Eastern Alpine",NA,"https://app.hydrographie.steiermark.at/berichte/quelleneinzugsgebiete.pdf; https://www.wasserwirtschaft.steiermark.at/cms/dokumente/12893120_102332494/ad4c5e88/A28165002047_BER_QKlim_STMK.pdf; https://info.bml.gv.at/dam/jcr:2d1bb4c5-9c5b-41b9-ae3c-882e71c8499d/Mitteilungen-Nr_70.pdf","AT-0018",NA,NA,FALSE,TRUE,FALSE,TRUE,"good","1997-01-01","2022-12-31",9449,0.995,"1997-01-01 00:00:00","2022-12-31 23:00:00",226691,0.995,1997-10-01,2022-09-30,25,1997-10-01,2022-09-30,25,1997-10-01,2022-09-30,25
"AT-0044","AT","BMLUK","Ödensee-Kaltwassertrichter","395905","Ödensee-Kaltwassertrichter",13.8247476999882,47.5631000156487,4608869.47400511,2724049.34955994,770,"spring_station",TRUE,NA,NA,FALSE,"FALSE",NA,"measures discharge of  lake, which is fed by underground karst springs with flume and v-notch weir","underground karst spring; bubbling spring (""Waller""); influenced by both karst and talus","Northern Limestone Alps; drains eastern part of Dachstein karst massif; aquifer thickness about 1000 m; mean catchment elevation 1150 m above sea level (isotope analysis); overlapping catchment; low water temperature indicates high elevated recharge area",FALSE,FALSE,NA,0.8,"Eastern Alpine",NA,"https://app.hydrographie.steiermark.at/berichte/quelleneinzugsgebiete.pdf; https://doi.org/10.1007/s00506-018-0536-y; https://opac.geologie.ac.at/ais312/dokumente/AL0021_001_A.pdf; https://www.wasserwirtschaft.steiermark.at/cms/dokumente/12893120_102332494/ad4c5e88/A28165002047_BER_QKlim_STMK.pdf; https://info.bml.gv.at/dam/jcr:2d1bb4c5-9c5b-41b9-ae3c-882e71c8499d/Mitteilungen-Nr_70.pdf",NA,NA,NA,FALSE,TRUE,FALSE,TRUE,"good","1998-06-23","2022-12-31",8815,0.984,"1998-06-23 19:00:00","2022-12-31 23:00:00",211831,0.985,1998-10-01,2022-09-30,24,1998-10-01,2022-09-30,24,1998-10-01,2022-09-30,24
"AT-0045","AT","BMLUK","Brunnaderquelle","395913","Brunnaderquelle",15.686718946544,47.4526221739914,4749660.68842456,2720807.89269808,745,"spring_station",TRUE,NA,NA,FALSE,"FALSE","hydropower plant","spring capture in tunnel; pressure probe","covered karst spring; influenced by both karst, porous aquifers and talus; more allogenic than autogenic recharge","Central Eastern Alps; Fischbach Alps; mean catchment elevation 1600 m above sea level (isotope analysis);  autogenic recharge area small; includes allogenic recharge by two sinking streams (Sulzbach and tributray of Dissaubach)",FALSE,FALSE,NA,3.998,"Eastern Alpine",NA,"https://app.hydrographie.steiermark.at/berichte/quelleneinzugsgebiete.pdf; https://www.wasserwirtschaft.steiermark.at/cms/dokumente/12893120_102332494/ad4c5e88/A28165002047_BER_QKlim_STMK.pdf; https://opac.geologie.ac.at/ais312/dokumente/Stromberger_Brunnaderquelle%20Falkenstein.pdf; https://info.bml.gv.at/dam/jcr:2d1bb4c5-9c5b-41b9-ae3c-882e71c8499d/Mitteilungen-Nr_70.pdf",NA,NA,NA,FALSE,TRUE,FALSE,TRUE,"good","1998-07-23","2022-12-31",8895,0.996,"1998-07-23 13:00:00","2022-12-31 23:00:00",213326,0.996,1998-10-01,2022-09-30,24,1998-10-01,2022-09-30,24,1998-10-01,2022-09-30,24
"AT-0046","AT","BMLUK","Schwabeltalquelle","395939","Schwabeltalquelle",14.8482117472139,47.608126886139,4685469.50041531,2733557.15008803,800,"spring_station",TRUE,NA,NA,TRUE,"FALSE",NA,"discharge measurement in flume 40 m below the main outlet; at high precipitation events temporary surface contributions",NA,"Northern Limestone Alps; Hochschwab mountains; mean catchment elevation 1250 m above sea level (isotope analysis); Wettersteindolomit and Dachstein Limestone; probably only autogenic recharge; alimentation through block debris depositions",TRUE,TRUE,2.647,2.999,"Eastern Alpine",NA,"https://app.hydrographie.steiermark.at/berichte/quelleneinzugsgebiete.pdf; https://www.wasserwirtschaft.steiermark.at/cms/dokumente/12893120_102332494/ad4c5e88/A28165002047_BER_QKlim_STMK.pdf; https://info.bml.gv.at/dam/jcr:2d1bb4c5-9c5b-41b9-ae3c-882e71c8499d/Mitteilungen-Nr_70.pdf",NA,NA,NA,FALSE,TRUE,FALSE,TRUE,"good","1999-04-17","2022-12-31",8526,0.985,"1999-04-17 08:00:00","2022-12-31 23:00:00",204536,0.984,1999-10-01,2022-09-30,22,1999-10-01,2022-09-30,22,1999-10-01,2022-09-30,22
"AT-0047","AT","BMLUK","Erbsattelquelle","395970","Erbsattelquelle",14.6551797489643,47.6586700832964,4670637.54259208,2738232.19023413,690,"spring_station",TRUE,NA,NA,FALSE,"FALSE",NA,NA,"talus spring","Northern Limestone Alps; Ennstal Alps; mainly Main Dolomite; no deep karstification expected; karst influence but mainly unconsolidated alluvium",TRUE,TRUE,0.008,0.1,"Eastern Alpine","poor measurement resolution due to very low flow","https://app.hydrographie.steiermark.at/berichte/quelleneinzugsgebiete.pdf; https://www.wasserwirtschaft.steiermark.at/cms/dokumente/12893120_102332494/ad4c5e88/A28165002047_BER_QKlim_STMK.pdf",NA,NA,NA,FALSE,TRUE,FALSE,TRUE,"good","2006-07-26","2022-12-31",5971,0.995,"2006-07-26 12:00:00","2022-12-31 23:00:00",143277,0.995,2006-10-01,2022-09-30,16,2006-10-01,2022-09-30,16,2006-10-01,2022-09-30,16
"AT-0048","AT","BMLUK","Riedlbachquelle","395996","Riedlbachquelle",13.8658541447538,47.5464366524725,4612053.97032227,2722360.69520829,820,"spring_station",TRUE,NA,NA,FALSE,"FALSE",NA,NA,"periodic; multiple springs; main spring emerges from rock crevice","Northern Limestone Alps; drains eastern part of Dachstein karst massif; aquifer thickness about 1000 m; mean catchment elevation 1400 m above sea level (isotope analysis); short mean transit times (isotope analysis); strongly karstified Dachstein limestones",FALSE,FALSE,NA,6.997,"Eastern Alpine",NA,"https://app.hydrographie.steiermark.at/berichte/quelleneinzugsgebiete.pdf; https://doi.org/10.1007/s00506-018-0536-y; https://opac.geologie.ac.at/ais312/dokumente/AL0021_001_A.pdf; https://www.wasserwirtschaft.steiermark.at/cms/dokumente/12893120_102332494/ad4c5e88/A28165002047_BER_QKlim_STMK.pdf",NA,NA,NA,FALSE,TRUE,FALSE,TRUE,"good","2008-01-01","2022-12-31",5479,1,"2008-01-01 00:00:00","2022-12-31 23:00:00",131496,1,2008-10-01,2022-09-30,14,2008-10-01,2022-09-30,14,2008-10-01,2022-09-30,14
"AT-0049","AT","BMLUK","Windener Quelle","396010","Windener Quelle",16.7445978491461,47.9587082655868,4824192.4708596,2783551.47743327,143,"spring_station",FALSE,NA,NA,FALSE,"FALSE","drinking water extraction for region Nördliches Burgenland","spring capture; triangular notch weir and pressure probe","ascending spring","Central eastern Alps; Leitha Mountains; region of high evapotranspiration and low precipitation; discharge is a mixture of new groundwater recharge and rising old karstic waters as shown by isotope analysis",FALSE,FALSE,NA,20.99,"Eastern Alpine","poor hydrograph quality due to strongly changing levels","https://opac.geologie.ac.at/ais312/dokumente/Szivatz&Maschler_Windener%20Quelle.pdf, https://opac.geologie.ac.at/ais312/dokumente/BR0128_080.pdf; https://info.bml.gv.at/dam/jcr:2d1bb4c5-9c5b-41b9-ae3c-882e71c8499d/Mitteilungen-Nr_70.pdf","AT-0028",NA,NA,FALSE,TRUE,FALSE,TRUE,"poor","1999-08-03","2022-12-31",6527,0.763,"1999-08-03 00:00:00","2022-12-31 23:00:00",156336,0.762,2018-10-01,2022-09-30,4,2018-10-01,2022-09-30,4,2018-10-01,2022-09-30,4
"AT-0050","AT","BMLUK","Wasseralmquelle","396077","Wasseralmquelle",15.6455910002235,47.7328600212565,4744262.7257605,2751635.47190596,802.2,"spring_station",TRUE,NA,NA,FALSE,"TRUE","drinking water extraction for city Vienna; part of the 1. Wiener Hochquellwasserleitung since 1873; covers 4% of the water demand of Vienna","spring capture in multiple galleries","fractured spring (spring from two faults)","Northern Limestone Alps; drains Wetterstein dolomite and limestone of the eastern part of the Schneealpe karst massif; aquifer thickness about 1000 m; fast (mean transit times of a few hours) and slow (mean residence time 26 years) discharge component based on isotope analysis",FALSE,FALSE,NA,10.995,"Eastern Alpine",NA,"https://hoehle.org/downloads/speldok_30.pdf; https://opac.geologie.ac.at/ais312/dokumente/OG0099_018_A.pdf; https://info.bml.gv.at/dam/jcr:2d1bb4c5-9c5b-41b9-ae3c-882e71c8499d/Mitteilungen-Nr_70.pdf","AT-0018",NA,NA,FALSE,FALSE,TRUE,FALSE,"good","1995-01-01","2022-12-31",9959,0.974,NA,NA,NA,NA,1995-10-01,2022-09-30,26,1995-10-01,2022-09-30,26,1995-10-01,2022-09-30,26
"AT-0051","AT","BMLUK","Siebenquellen","396093","Siebenquellen",15.5656058425377,47.6828634556017,4738685.01108433,2745637.98589564,796.7,"spring_station",TRUE,NA,NA,FALSE,"TRUE","drinking water extraction for city Vienna; part of the 1. Wiener Hochquellwasserleitung since 1974","spring capture","additional names: Karlgrabenquelle","Northern Limestone Alps; Schneealpe",FALSE,FALSE,NA,15.993,"Eastern Alpine",NA,NA,"AT-0071(A)",NA,NA,FALSE,FALSE,TRUE,FALSE,"good","1995-01-01","2022-12-31",10046,0.982,NA,NA,NA,NA,1995-10-01,2022-09-30,26,1995-10-01,2022-09-30,26,1995-10-01,2022-09-30,26
"AT-0052","AT","BMLUK","Pfannbauernquelle","396127","Pfannbauernquelle",15.3239714412143,47.7047972623043,4720417.34756721,2746734.99983926,793.5,"spring_station",TRUE,NA,NA,FALSE,"FALSE","drinking water extraction for the city Vienna; part of the 1. Wiener Hochquellwasserleitung since 1988","measures discharge of both overflow and extracted drinking water","spring capture","Northern Limestone Alps; Zeller Staritzen; dolomite; long mean residence times",FALSE,FALSE,NA,10.995,"Eastern Alpine","1995 only daily mean discharge","https://info.bml.gv.at/dam/jcr:2d1bb4c5-9c5b-41b9-ae3c-882e71c8499d/Mitteilungen-Nr_70.pdf","AT-0066",NA,NA,FALSE,TRUE,FALSE,TRUE,"good","1995-01-06","2022-12-31",9580,0.937,"1995-01-06 00:00:00","2022-12-31 23:00:00",218877,0.892,1995-10-01,2022-09-30,24,1995-10-01,2022-09-30,24,1995-10-01,2022-09-30,24
"AT-0053","AT","BMLUK","Alfutzquelle","396192","Alfutzquelle (I)",10.5971541929717,47.1963770261991,4366285.57433693,2676049.74936346,1255,"spring_station",TRUE,NA,NA,FALSE,"FALSE","drinking water extraction; hydropower plant","spring capture (four spring outlets captured); two induction measuring probes which measure the discharge of the spring outlets in the front and in the back seperately","multiple spring outlets","Northern Limestone Akps; Lechtal Alps",TRUE,TRUE,1.485,2.999,"Eastern Alpine","for 2010 - 2019 spring discharges greater than 205 l/s cannot be recorded (overflow); since 2021, complete reconstruction of all spring capture","https://info.bml.gv.at/dam/jcr:2d1bb4c5-9c5b-41b9-ae3c-882e71c8499d/Mitteilungen-Nr_70.pdf",NA,NA,NA,FALSE,TRUE,FALSE,TRUE,"good","2003-01-01","2020-12-31",6081,0.925,"2003-01-01 01:00:00","2020-12-31 23:00:00",145436,0.922,2003-10-01,2020-09-30,16,2003-10-01,2020-09-30,16,2003-10-01,2020-09-30,16
"AT-0054","AT","BMLUK","Bettelwurfquellen","396226","TW-Stollen Bettelwurf (mitte)",11.5172976641581,47.3300030335274,4435763.0619304,2691887.28816242,1008.7,"spring_station",TRUE,NA,NA,FALSE,"FALSE","drinking water extraction for municipalities of Hall and Absam; hydropower plant","spring capture; measuring station in gallery (new capture constructed between 1995 and 2002 in form of one main gallery (950 m) and two side galleries)","additional names: Bettelwurfstollen","Northern Limestone Alps; Karwendel; aquifer consists mainly of Wetterstein formation and Alpine Muschelkalk",FALSE,FALSE,NA,1.999,"Eastern Alpine","lower level from around 2007 on","https://info.bml.gv.at/dam/jcr:2d1bb4c5-9c5b-41b9-ae3c-882e71c8499d/Mitteilungen-Nr_70.pdf; https://doi.org/10.1007/s00767-019-00440-z","AT-0059",NA,NA,FALSE,TRUE,FALSE,TRUE,"good","2002-01-01","2020-12-31",5538,0.798,"2002-01-01 01:00:00","2020-12-31 23:00:00",132708,0.797,2010-10-01,2020-09-30,10,2010-10-01,2020-09-30,10,2010-10-01,2020-09-30,10
"AT-0055","AT","BMLUK","Eibachquelle","396291","Eibachquelle",11.3381698149217,47.0991915708214,4422664.51850278,2665989.04577698,1320,"spring_station",TRUE,NA,NA,FALSE,"FALSE",NA,NA,"influenced by both karst and talus","Central Eastern Alps; Stubai Alps",TRUE,TRUE,9.166,8.996,"Eastern Alpine",NA,NA,NA,NA,NA,FALSE,TRUE,FALSE,TRUE,"good","2010-07-01","2020-12-31",3749,0.977,"2010-07-01 14:00:00","2020-12-31 23:00:00",89844,0.976,2010-10-01,2020-09-30,10,2010-10-01,2020-09-30,10,2010-10-01,2020-09-30,10
"AT-0056","AT","BMLUK","Heiterwandquelle","396333","Heiterwandquelle (ost+west)",10.7221307733498,47.3005394147731,4375653.73045025,2687705.08272099,1600,"spring_station",TRUE,NA,NA,FALSE,"FALSE","drinking water extraction for municipalities of Arzl, Karres, Imst and Tarrenz; hydropower plant (small)","spring capture; both springs are captured in a collecting basin, where the combined discharge is measured","contact spring, fracture spring; additional names: Alpeilquelle","Northern Limestone Alps; springs emerge at transition between Wetterstein formation and Raibler Schichten",TRUE,TRUE,0.631,3.998,"Eastern Alpine","decrease in discharge before 2013, probably due to increasing permeability of the sealing of the spring capture; construction work in summer 2013; only data for Heiterwand (west) in 2013 and 2021-2022","https://opac.geologie.ac.at/ais312/dokumente/Umhausen_2013_085-090.pdf",NA,NA,NA,FALSE,TRUE,FALSE,TRUE,"good","2007-01-01","2020-12-31",4331,0.847,"2007-01-01 01:00:00","2020-12-31 23:00:00",103385,0.842,2007-10-01,2020-09-30,10,2007-10-01,2020-09-30,10,2007-10-01,2020-09-30,10
"AT-0057","AT","BMLUK","Maibachl","396507","Maibachl",13.823422222557,46.5915481619537,4614151.21161333,2616237.75470344,508.14,"spring_station",TRUE,NA,NA,FALSE,"FALSE",NA,"automated gauging station with pressure probe","thermal spring; intermittent (spring discharges during snowmelt and strong precipitation, when hydrostatic pressure is exerted onto the thermal water); during strong precipitation events a second intermittent spring further upstream gets activated","Northern Limestone Alps",FALSE,FALSE,NA,0.9,"Eastern Alpine",NA,NA,NA,NA,NA,FALSE,TRUE,FALSE,TRUE,"good","2003-08-01","2023-12-31",7017,0.941,"2003-08-01 01:00:00","2023-12-31 23:00:00",168172,0.94,2003-10-01,2023-09-30,18,2003-10-01,2023-09-30,18,2003-10-01,2023-09-30,18
"AT-0058","AT","BMLUK","Oswaldiquelle","396523","Oswaldiquelle",13.7686930732866,46.8320762306528,4608651.39302284,2642708.75760004,1202,"spring_station",TRUE,NA,NA,FALSE,"FALSE","drinking water extraction for Bad Kleinkirchheim","spring capture",NA,"Central Eastern Alps; Gurktal Alps",TRUE,TRUE,1.489,1.999,"Eastern Alpine",NA,NA,NA,NA,NA,FALSE,TRUE,FALSE,TRUE,"good","2005-04-13","2022-12-31",6099,0.942,"2005-04-13 13:00:00","2022-12-31 23:00:00",146213,0.941,2005-10-01,2022-09-30,15,2005-10-01,2022-09-30,15,2005-10-01,2022-09-30,15
"AT-0059","AT","BMLUK","Müllnernquelle","396572","Müllnernquelle",14.2039250714382,46.5868363952083,4643319.81244069,2617292.04969659,515.5,"spring_station",TRUE,NA,NA,FALSE,"FALSE",NA,NA,"contact spring ; influenced by both karst and talus","Central eastern Alps; conglomerate of the Sattnitz with high carbonate fraction; karstification (dolines, caves, conduits); thickness of 300 m; spring emerges at contact between Sattnitz-conglomerates and clay; influenced by both karst and talus",TRUE,TRUE,1.893,1.999,"Eastern Alpine",NA,"https://www.zobodat.at/pdf/CAR_189_109_0161-0200.pdf",NA,NA,NA,FALSE,TRUE,FALSE,TRUE,"good","2004-01-01","2023-12-31",5739,0.786,"2004-01-01 01:00:00","2023-12-31 23:00:00",137587,0.785,2005-10-01,2022-09-30,12,2005-10-01,2022-09-30,12,2005-10-01,2022-09-30,12
"AT-0060","AT","BMLUK","Obwaldquelle","396705","Obwaldquelle",9.91031824041391,46.9513913500275,4314167.00718254,2648658.44718896,1677,"spring_station",TRUE,NA,NA,FALSE,"FALSE",NA,NA,NA,"Central Eastern Alps; Rätikon; Sulzfluh limestone",TRUE,TRUE,2.005,2.999,"Eastern Alpine",NA,NA,NA,NA,NA,FALSE,TRUE,FALSE,TRUE,"good","2008-01-23","2023-12-31",5822,1,"2008-01-23 17:00:00","2023-12-31 23:00:00",139711,1,2008-10-01,2023-09-30,15,2008-10-01,2023-09-30,15,2008-10-01,2023-09-30,15
"AT-0061","AT","BMLUK","Goldschmiedquelle","396754","Goldschmiedquelle",15.3198500128101,47.0768179990893,4724964.52585137,2677088.33806519,465,"spring_station",TRUE,NA,NA,FALSE,"FALSE",NA,NA,"talus spring; contact spring (transition between talus and less permeable breccia); slow reactions to precipitation events and only minor seasonality","Northern Limestone Alps; mean catchment elevation 650 m above sea level (isotope analysis) dominated by dolomite; talus spring but karst ifluence likely (dolomites and limestones of Forstkogel)",FALSE,FALSE,NA,0.1,"Eastern Alpine","poor measurement resolution due to very low flow; short time series with no clear dynamic","https://app.hydrographie.steiermark.at/berichte/quelleneinzugsgebiete.pdf; https://www.wasserwirtschaft.steiermark.at/cms/dokumente/12893120_102332494/ad4c5e88/A28165002047_BER_QKlim_STMK.pdf",NA,NA,NA,FALSE,TRUE,FALSE,TRUE,"good","2009-03-25","2022-12-31",5030,1,"2009-03-25 09:00:00","2022-12-31 23:00:00",120711,1,2009-10-01,2022-09-30,13,2009-10-01,2022-09-30,13,2009-10-01,2022-09-30,13
"AT-0062","AT","BMLUK","Pöllauer Usrpung","396770","Pöllauer Usrpung",14.3733176752525,47.0351303945351,4653459.13481755,2667763.47824187,1150,"spring_station",TRUE,NA,NA,FALSE,"FALSE",NA,NA,"contact spring","Central Eastern Alps; Gurktal Alps; Grebenzen karst plateau; catchment is assumed to be in the nothern part of the Grebenzen plateau; mean catchment altitude of 1300 m above sea level (isotope analysis); spring emerges at contact of limestone and moraine deposits",TRUE,TRUE,4.701,5.997,"Eastern Alpine",NA,"https://app.hydrographie.steiermark.at/berichte/quelleneinzugsgebiete.pdf; https://www.zobodat.at/pdf/CAR_166_86_0151-0161.pdf; https://www.wasserwirtschaft.steiermark.at/cms/dokumente/12893120_102332494/ad4c5e88/A28165002047_BER_QKlim_STMK.pdf",NA,NA,NA,FALSE,TRUE,FALSE,TRUE,"good","2011-07-14","2022-12-31",4189,1,"2011-07-14 00:00:00","2022-12-31 23:00:00",100536,1,2011-10-01,2022-09-30,11,2011-10-01,2022-09-30,11,2011-10-01,2022-09-30,11
"AT-0063","AT","BMLUK","Etzbachquelle","396796","Etzbachquelle",14.60825085044,47.5306286275891,4667977.81611324,2723806.82240599,880,"spring_station",TRUE,NA,NA,FALSE,"FALSE",NA,"measures all spring outlets and diffuse outlets","spring pond with multiple spring outlets over a width of 20 m; additional names: Goße Köblquelle, Johnsbachquelle","Northern Limestone Alps; Ennstal Alps; mean catchment elevation 1600 m above sea level (isotope analysis); autogenic recharge and allogenic recharge (Bärenkar cirque); karst phenomena like caves and sinking streams",TRUE,TRUE,7.186,4.998,"Eastern Alpine",NA,"https://app.hydrographie.steiermark.at/berichte/quelleneinzugsgebiete.pdf; https://repository.tugraz.at/publications/4mw05-9en91; https://www.wasserwirtschaft.steiermark.at/cms/dokumente/12893120_102332494/ad4c5e88/A28165002047_BER_QKlim_STMK.pdf",NA,NA,NA,FALSE,TRUE,FALSE,TRUE,"good","2014-01-01","2022-12-31",3287,1,"2014-01-01 00:00:00","2022-12-31 23:00:00",78888,1,2014-10-01,2022-09-30,8,2014-10-01,2022-09-30,8,2014-10-01,2022-09-30,8
"AT-0064","AT","BMLUK","Totes Weib Quelle","396812","Totes Weib Quelle",15.4864467918805,47.730631688011,4732374.62364772,2750490.235986,880,"spring_station",TRUE,NA,NA,FALSE,"FALSE",NA,NA,"cave (40 m high waterfall emerging from it)","Northern Limestone Alps; Schneealpe massif; mean catchment altitude of 1000 m above sea level (isotope analysis, based on little data); allogenic recharge from Nassköhrbach in karst polje Nassköhr (marshland) and sinkholes Durchfall and Haselboden",FALSE,FALSE,NA,3.998,"Eastern Alpine",NA,"https://app.hydrographie.steiermark.at/berichte/quelleneinzugsgebiete.pdf; https://web.archive.org/web/20180423072744id_/https://www.zobodat.at/pdf/STAPFIA_0085_0535-0586.pdf; https://www.zobodat.at/pdf/STAPFIA_0085_0535-0586.pdf",NA,NA,NA,FALSE,TRUE,FALSE,TRUE,"good","2016-12-05","2022-12-31",2131,0.961,"2016-12-05 00:00:00","2022-12-31 23:00:00",51101,0.96,2017-10-01,2022-09-30,5,2017-10-01,2022-09-30,5,2017-10-01,2022-09-30,5
"AT-0065","AT","Daniel Bittner","Quelle Kerschbaum","DB2","Kerschbaum",14.7675,47.919999996316,4677241.13745555,2767760.28900224,447,"spring_station",TRUE,NA,NA,FALSE,"FALSE","drinking water extraction for municipality Waidhofen a.d. Ybbs","spring capture; station elevation derived from COP-30 DEM","additional names: kerschbaumer-Quelle","Northern Limestone Alps; dolomite dominated; typical karst features (springs, dry valleys, caves)",TRUE,TRUE,2.898,1,"Eastern Alpine",NA,"https://doi.org/10.1016/j.jhydrol.2018.10.017; https://programme2014-20.interreg-central.eu/Content.Node/BoderecCE/AUS-Waidhfofen.html","AT-0085",NA,NA,FALSE,FALSE,TRUE,FALSE,"good","2001-01-01","2016-12-31",5007,0.857,NA,NA,NA,NA,2001-10-01,2016-09-30,11,2001-10-01,2016-09-30,11,2001-10-01,2016-09-30,11
"AT-0066","AT","Thomas Dirnböck","Quelle Zöbelboden","551","LTER Zöbelboden",14.4387,47.8445999962929,4653196.62545458,2757863.21342783,577,"spring_station",TRUE,NA,NA,FALSE,"FALSE",NA,"measuring weir with rating curve",NA,"Northern Limestone Alps; dolomite dominated, partly overlain by limestones and marls; several small springs draining the karst system; not heavily karstified but karst features (conduits, sinkholes)",FALSE,FALSE,NA,0.2,"Eastern Alpine","high variability during high flows","https://doi.org/10.1007/s12665-011-1033-9; https://doi.org/10.3390/f11101112; https://doi.org/10.1007/s11270-010-0674-8; https://deims.org/dataset/a2de68ac-aefe-40dd-9ab3-38b1d37a8631","AT-0001",NA,NA,TRUE,FALSE,FALSE,TRUE,"good","2000-01-01","2019-12-31",6714,0.919,"2000-01-01 00:00:00","2018-07-13 21:00:00",147999,0.911,2000-10-01,2019-09-30,17,2000-10-01,2019-09-30,17,2000-10-01,2019-09-30,17
"CH-0001","CH","AWA","Source de la Birse","A023","Birse, Tavannes",7.19553223976465,47.2146453136977,4108451.17327576,2681919.06061417,750,"spring_station",FALSE,NA,NA,FALSE,"?","drinking water extraction for Tavannes; impact on measurements unknown","spring capture",NA,"Folded Jura in Swiss Jura Mountains; water collects in subterranean channels before surfacing by the Moutier-Granges tunnel; main outlet",TRUE,TRUE,25.029,6.997,"Jura","for measurements before 14.06.1994 artefacts in digitalisation occured, thus, daily averages were calculated",NA,NA,NA,NA,TRUE,FALSE,FALSE,TRUE,"good","1981-01-02","2006-10-03",9406,1,"1981-01-02 00:00:00","2006-10-03 08:00:00",112734,0.499,1981-10-01,2006-09-30,25,1981-10-01,2006-09-30,25,1981-10-01,2006-09-30,25
"CH-0002","CH","AfU","Vollenbrunnenquelle","636249001","Vollenbrunnenquelle",7.92529515081977,47.3931057236282,4164277.85628392,2699917.73720301,609.5,"spring_station",FALSE,NA,NA,FALSE,"FALSE","drinking water extraction","pressure probe; values for high water discharges (>3975 l/min) are reconstructed","additional names: Vollbrunnenquelle, Vollenbrunnenquellen, Follenbrunnenquellen","Folded Jura in Swiss Jura Mountains",FALSE,FALSE,NA,0.8,"Jura",NA,NA,NA,NA,NA,TRUE,FALSE,FALSE,TRUE,"good","2015-01-01","2024-12-31",3458,0.947,"2015-01-01 01:00:00","2024-12-31 23:00:00",82842,0.945,2015-10-01,2024-09-30,8,2015-10-01,2024-09-30,8,2015-10-01,2024-09-30,8
"CH-0003","CH","BAFU","Siebenbrünnen","2219","Simme - Oberried / Lenk",7.47441599975985,46.4259314789715,4126699.9835702,2593600.7108128,1100,"stream_station",TRUE,NA,NA,TRUE,"FALSE",NA,">2 km from station; several tributaries resulting in strong surface water contribution, especially from Trüebbach fed with glacier meltwater of the Glacier de la Plaine Morte","several karst springs; spring of Simme; additional names: Sibe Brünnen, Siebenbrunnen, Simmenquelle","Helvetic Zone of the Alps; Helvetic nappes",TRUE,FALSE,36.263,46.979,"Helvetic",NA,"https://doi.org/10.5194/hess-17-3261-2013",NA,NA,NA,TRUE,FALSE,FALSE,TRUE,"good","1974-01-01","2024-12-31",18628,1,"1974-01-01 00:00:00","2024-12-31 23:00:00",447072,1,1974-10-01,2024-09-30,50,1974-10-01,2024-09-30,50,1974-10-01,2024-09-30,50
"CH-0004","CH","BAFU","Source de l'Areuse","2290","Areuse - St-Sulpice",6.55914773930915,46.9104100186265,4058739.64847287,2650185.95780183,752,"stream_station",FALSE,NA,NA,FALSE,"FALSE","dam",NA,"resurgence","Folded Jura in Swiss Jura Mountains; hydraulic connection to Lake Taillères",TRUE,TRUE,138.723,147.932,"Jura",NA,"https://doi.org/10.1002/hyp.10765",NA,"Q501","B23",TRUE,FALSE,FALSE,TRUE,"good","1974-01-01","2024-12-31",18628,1,"1974-01-01 00:00:00","2024-12-31 23:00:00",447072,1,1974-10-01,2024-09-30,50,1974-10-01,2024-09-30,50,1974-10-01,2024-09-30,50
"CH-0005","CH","BAFU","Schlichenden Brünnen","2499","Schlichenden Brünnen - Muotathal",8.78442915155738,46.973142112263,4228426.74398137,2651828.82727298,638,"stream_station",TRUE,NA,NA,FALSE,"FALSE",NA,NA,"resurgence; additional names: Schlichenden Brunnen, Schlichenden spring","Helvetic Zone of the Alps; resurgence of karst area Bödmeren, Muotatal, Hölloch (second-longest cave system of Europe); connection Zürichsee - Schlichende Brünnen; tracer tests 1992 in COST-65 Projekt (University of Neuenburg and AGH)",TRUE,TRUE,39.527,38.982,"Helvetic",NA,"https://doi.org/10.1002/hyp.10765; https://doi.org/10.1029/2000WR900257; https://opac.geologie.ac.at/ais312/dokumente/Steir_Beitr_Hydrogeol_Jg1995_043-088.pdf; https://ngwa.onlinelibrary.wiley.com/doi/epdf/10.1111/j.1745-6584.2005.00158.x; https://www.zobodat.at/pdf/Hoehle_66_0003-0014.pdf",NA,"Q480",NA,TRUE,FALSE,FALSE,TRUE,"good","1988-05-11","2024-11-30",13353,1,"1988-05-11 00:00:00","2024-11-30 23:00:00",320472,1,1988-10-01,2024-09-30,36,1988-10-01,2024-09-30,36,1988-10-01,2024-09-30,36
"CH-0006","CH","BAFU","Source Bossy","6560","Brot-Dessous - Bossy",6.74574113971016,46.9524436576526,4073148.83277059,2654209.30626424,680,"spring_station",FALSE,NA,NA,FALSE,"FALSE","drinking water extraction; hydropower plant","spring gallery",NA,"Folded Jura in Swiss Jura Mountains",TRUE,TRUE,1.013,1,"Jura","measurements from 25 August 2023 on not reliable due to defect flow cell and were removed","https://www.randosources.ch/docs/excursion-2/areuse_fr.pdf",NA,NA,NA,TRUE,FALSE,FALSE,TRUE,"good","1999-04-14","2023-08-24",8530,0.959,"1999-04-14 09:00:00","2023-08-24 23:00:00",201723,0.945,1999-10-01,2023-09-30,21,1999-10-01,2023-09-30,21,1999-10-01,2023-09-30,21
"CH-0007","CH","BAFU","Neue Blatti-Quelle","6563","Lenk - Neue Blatti-Quelle",7.43779612805108,46.4225094861473,4123871.37551623,2593317.35720413,1220,"spring_station",TRUE,NA,NA,FALSE,"TRUE","drinking water extraction for commune of Lenk upstream of station via short pumping events","spring capture","Old Blatti spring (natural spring) located 10 m above new spring; additional names: New Blatti","Helvetic Zone of the Alps; karstic flow mainly in Schrattenkalk Limestones (Urgonian)",TRUE,TRUE,4.936,2.999,"Helvetic","measurements from 01 November 2023 removed due to clogging of sampling site; higher level from ~2022 on","https://www.researchgate.net/publication/308396826_Practical_guide_groundwater_vulnerability_mapping_in_karstic_regions_EPIK_Swiss_Agency_for_the_Environment_Forests_and_Landscape_SAEFL?enrichId=rgreq-05b7428661394bd3c6be771d60cfd579-XXX&enrichSource=Y292ZXJQYWdlOzMwODM5NjgyNjtBUzoxMDQyMTc1MDIyMzM4MDQ5QDE2MjU0ODUyOTY1MDI%3D&el=1https://www.researchgate.net/publication/308396826_Practical_guide_groundwater_vulnerability_mapping_in_karstic_regions_EPIK_Swiss_Agency_for_the_Environment_Forests_and_Landscape_SAEFL?enrichId=rgreq-05b7428661394bd3c6be771d60cfd579-XXX&enrichSource=Y292ZXJQYWdlOzMwODM5NjgyNjtBUzoxMDQyMTc1MDIyMzM4MDQ5QDE2MjU0ODUyOTY1MDI%https://www.researchgate.net/publication/308396826; https://inis.iaea.org/records/xx8x8-znw41",NA,NA,NA,TRUE,FALSE,FALSE,TRUE,"good","2008-12-02","2023-08-31",5261,0.977,"2008-12-02 15:00:00","2023-08-31 23:00:00",125210,0.969,2009-10-01,2020-09-30,10,2009-10-01,2020-09-30,10,2009-10-01,2020-09-30,10
"CH-0008","CH","BAFU","Source de la Lionne","6564","L'Abbaye - La Lionne",6.32231972521938,46.646504646117,4039303.80476623,2621770.51134541,1040,"spring_station",FALSE,NA,NA,FALSE,"FALSE","drinking water extraction for L'Abbaye","spring capture","two overflow springs: Petite Chaudière d'Enfer +11 m (multiple times per year if Q>2.5 m³/s), la Grande Chaudière d'Enfer + 31 m (very rare)","Folded Jura in Swiss Jura Mountains; Malm limestones",TRUE,TRUE,16.929,17.992,"Jura",NA,"https://www.researchgate.net/publication/264859033",NA,NA,NA,TRUE,FALSE,FALSE,TRUE,"good","2009-02-26","2024-12-31",5779,0.998,"2009-02-26 13:00:00","2024-12-31 23:00:00",137901,0.993,2009-10-01,2024-09-30,15,2009-10-01,2024-09-30,15,2009-10-01,2024-09-30,15
"CH-0009","CH","BAFU","Ursprungquelle","6586","Oberdorf - Ursprung",8.40376431308667,46.9362727638692,4199356.10792845,2648283.87982178,630,"spring_station",TRUE,NA,NA,FALSE,"FALSE","drinking water extraction (Brunnenstube Frongadmen); hydro power plant","spring capture",NA,"Helvetic Zone of the Alps",TRUE,TRUE,3.426,2.999,"Helvetic",NA,NA,NA,NA,NA,TRUE,FALSE,FALSE,TRUE,"good","1986-01-29","2024-12-31",11456,0.806,"1986-01-29 03:00:00","2024-12-31 23:00:00",164171,0.481,1987-10-01,2024-09-30,24,1987-10-01,2024-09-30,24,1987-10-01,2024-09-30,24
"CH-0010","CH","BAFU","Source de la Doux","6592","Delémont - Source de la Doux",7.34290662786739,47.368444281303,4120208.50097945,2698584.66646136,443,"spring_station",FALSE,NA,NA,FALSE,"FALSE","drinking water extraction for Delmont","spring capture (gallery)",NA,"Folded Jura in Swiss Jura Mountains",TRUE,TRUE,1.241,1,"Jura",NA,"https://www.oieau.fr/eaudoc/system/files/documents/3/16881/16881_doc.pdf",NA,NA,NA,TRUE,FALSE,FALSE,TRUE,"good","2003-05-14","2024-12-31",7708,0.975,"2003-05-14 14:00:00","2024-12-31 22:00:00",164720,0.869,2003-10-01,2024-09-30,20,2003-10-01,2024-09-30,20,2003-10-01,2024-09-30,20
"CH-0011","CH","BAFU","Quelle Alt St. Johann","6595","Alt St. Johann - Untermühle",9.27981730293428,47.1937531861266,4266382.04501567,2675841.20112754,895,"spring_station",TRUE,NA,NA,FALSE,"FALSE",NA,NA,NA,"Helvetic Zone of the Alps",TRUE,TRUE,3.511,3.998,"Helvetic","higher level from ~2005 on",NA,NA,NA,NA,TRUE,FALSE,FALSE,TRUE,"good","2003-10-30","2024-12-31",7622,0.986,"2003-10-30 12:00:00","2024-12-31 23:00:00",182368,0.983,2005-10-01,2024-09-30,19,2005-10-01,2024-09-30,19,2005-10-01,2024-09-30,19
"CH-0012","CH","BAFU","Felsenquelle","6598","Hellikon - Felsenquelle",7.92805755543284,47.5108373092815,4164841.42368971,2712988.00511636,441,"spring_station",FALSE,NA,NA,FALSE,"FALSE","drinking water extraction for Hellikon","spring capture","additional names: Quelle Felsen","Folded Jura in Swiss Jura Mountains",TRUE,TRUE,0.274,0.3,"European Foreland",NA,"https://www.research-collection.ethz.ch/bitstream/handle/20.500.11850/135973/ETH6101.pdf",NA,NA,NA,TRUE,FALSE,FALSE,TRUE,"good","2003-10-30","2024-12-31",7706,0.996,"2003-10-30 09:00:00","2024-12-31 23:00:00",184537,0.994,2003-10-01,2024-09-30,21,2003-10-01,2024-09-30,21,2003-10-01,2024-09-30,21
"CH-0013","CH","BAFU","Brunnenstübli-Quellen","6611","Glarus Mitte - Brunnenstübli Quelle",9.04027298451015,47.0383190766499,4247999.99595835,2658782.22675752,645,"spring_station",TRUE,NA,NA,FALSE,"FALSE","drinking water extraction; hydropower plant","spring house; subterranean reservoir",NA,"Helvetic Zone of the Alps",TRUE,TRUE,5.039,4.998,"Helvetic",NA,NA,NA,NA,NA,TRUE,FALSE,FALSE,TRUE,"good","2018-10-08","2024-12-31",2275,0.999,"2018-10-08 01:00:00","2024-12-31 23:00:00",54395,0.995,2018-10-01,2024-09-30,6,2018-10-01,2024-09-30,6,2018-10-01,2024-09-30,6
"CH-0014","CH","BAFU","Quelle Wisli Süd","6612","Pfäfers-Vättis - Wisli Süd",9.42901143255291,46.8976407423382,4277451.57575845,2642851.75474712,1040,"spring_station",TRUE,NA,NA,FALSE,"FALSE","drinking water extraction for village Vättis up to 700000 l/min","spring capture","additional names: Züg Quelle Süd, Quelle Wiesli-Züg Süd","Helvetic Zone of the Alps",TRUE,TRUE,0.384,0.3,"Helvetic",NA,NA,NA,NA,NA,TRUE,FALSE,FALSE,TRUE,"good","2001-02-05","2024-12-31",2084,0.239,"2001-02-05 12:00:00","2024-12-31 23:00:00",44792,0.214,2019-10-01,2024-09-30,5,2019-10-01,2024-09-30,5,2019-10-01,2024-09-30,5
"CH-0015","CH","BAFU","Quelle Wisli Nord","6616","Pfäfers-Vättis - Wisli Nord",9.42879048547026,46.896636792394,4277433.89555399,2642740.37894297,1040,"spring_station",TRUE,NA,NA,FALSE,"FALSE","drinking water extraction for village Vättis up to 300000 l/min","spring capture","additional names: Züg Quelle Nord, Quelle Wiesli-Züg Nord","Helvetic Zone of the Alps",TRUE,TRUE,0.384,0.1,"Helvetic",NA,NA,NA,NA,NA,TRUE,FALSE,FALSE,TRUE,"good","2001-02-05","2024-12-31",2080,0.238,"2001-02-05 12:00:00","2024-12-31 23:00:00",44703,0.213,2019-10-01,2024-09-30,5,2019-10-01,2024-09-30,5,2019-10-01,2024-09-30,5
"CH-0016","CH","BAFU","Hammerrainquelle","6710","Herbetswil - Hammerrainquelle",7.55643759890719,47.28320369357,4136034.98147235,2688563.3402756,610,"spring_station",FALSE,NA,NA,FALSE,"FALSE","drinking water extraction","spring capture; pressure probe; discharge is sum of two distinct inlet basins",NA,"Folded Jura in Swiss Jura Mountains; elevation: 607 to ca. 1300 mASL",TRUE,TRUE,2.565,1,"Jura","renewal of spring capture in first half year of 2019, data from before and after not necessarily comparable","https://so.ch/fileadmin/internet/bjd/bjd-afu/12_Umweltdaten/08_Wasser/1_Hydrometrie/Trendanalyse_Grundwasser_2014.pdf",NA,NA,NA,TRUE,FALSE,FALSE,TRUE,"good","2000-01-01","2024-12-31",8822,0.966,"2000-01-01 01:00:00","2024-12-31 23:00:00",202920,0.926,2000-10-01,2024-09-30,22,2000-10-01,2024-09-30,22,2000-10-01,2024-09-30,22
"CH-0017","CH","BAFU","Milandre cave stream","6748","Boncourt - Milandre Amont",7.00222042234051,47.4640117102249,4094895.3573914,2710178.09231787,466,"spring_station",FALSE,NA,NA,FALSE,"FALSE",NA,"measured within Milandre cave system (not actual spring emergence of milandre system but subterranean river in cave)","cave; mainly discharged by Saivu spring","Tabular Jura in Swiss Jura Mountains",TRUE,TRUE,4.561,2.999,"European Foreland",NA,"https://doi.org/10.1007/s10040-019-02006-y; https://doi.org/10.1016/S0022-1694(03)00171-9; https://doi.org/10.1016/j.jhydrol.2021.126508",NA,NA,NA,TRUE,FALSE,FALSE,TRUE,"good","1990-02-17","2024-12-31",10813,0.849,"1990-02-17 00:00:00","2024-12-31 23:00:00",127695,0.418,1990-10-01,2024-09-30,27,1990-10-01,2024-09-30,27,1990-10-01,2024-09-30,27
"CH-0018","CH","BAFU","Source de la Dou","6749","Cormoret - Source de la Dou",7.04203141488576,47.1666346924359,4096618.31047785,2677041.41210128,727,"spring_station",FALSE,NA,NA,FALSE,"FALSE","hydropower plant","not captured","additional names: Source de la Doux, Source de la Grande Dou","Folded Jura in Swiss Jura Mountains",TRUE,TRUE,50.76,55.974,"Jura",NA,NA,NA,NA,NA,TRUE,FALSE,FALSE,TRUE,"good","2010-06-18","2024-12-13",5208,0.984,"2010-06-18 10:00:00","2024-12-13 09:00:00",123691,0.974,2010-10-01,2024-09-30,14,2010-10-01,2024-09-30,14,2010-10-01,2024-09-30,14
"CH-0019","CH","BAFU","Bachtalenquelle","6752","Zeiningen - Bachtalen",7.86663057874359,47.539977869197,4160303.76758667,2716356.11487577,367,"spring_station",FALSE,NA,NA,FALSE,"FALSE","drinking water extraction of around 480 l/min","spring capture",NA,"Folded Jura in Swiss Jura Mountains",FALSE,FALSE,NA,0.3,"European Foreland",NA,NA,NA,NA,NA,TRUE,FALSE,FALSE,TRUE,"good","1991-11-20","2024-12-31",5233,0.433,"1991-11-20 03:00:00","2024-12-31 23:00:00",118614,0.409,2010-10-01,2024-09-30,13,2010-10-01,2024-09-30,13,2010-10-01,2024-09-30,13
"CH-0020","CH","BAFU","Sources des Frassettes","6756","Enney - Les Frassettes",7.07096855223171,46.5582221757546,4096236.44529705,2609421.04585045,820,"spring_station",TRUE,NA,NA,FALSE,"FALSE","drinking water extraction","spring capture",NA,"Peninnic Zone of the Alps",TRUE,TRUE,1.191,0.9,"Penninic","measurements from 24 October 2024 on not reliable due to renewal of spring tapping and were removed",NA,NA,NA,NA,TRUE,FALSE,FALSE,TRUE,"good","2006-05-17","2024-10-23",6378,0.947,"2006-05-17 00:00:00","2024-10-23 23:00:00",72540,0.449,2006-10-01,2024-09-30,17,2006-10-01,2024-09-30,17,2006-10-01,2024-09-30,17
"CH-0021","CH","Conthey","Glarey","DM1061","Glarey",7.30429103071931,46.3091737014871,4113165.82808147,2581102.86171602,1553,"spring_station",TRUE,NA,NA,FALSE,"FALSE","drinking water extraction for municipality of Conthey and irrigation","spring capture; water level measurements with pressure probe","30 m artificial drainage gallery; overflow spring is activated when Q > 40 l/s, which is directly discharging into Lachon stream; dominant transit times 5-57 h; drains majority of karst surface and glacier; flow occurs parallel to stratification","Helvetic Zone of the Alps; Urgonian formation of 100-120 m massive limestone; underlying Barremian marl forms an aquiclude; Tsanfleuron glacier is recharging the aquifer through the main glacier stream and several swallow holes underneath the glacier",TRUE,FALSE,14.345,2.999,"Helvetic","data gap in 2020 due to change of water supplier who manages the gauging station","https://rgdoi.net/10.13140/RG.2.2.19261.64485; https://doi.org/10.3986/ac.v39i2.100, https://doi.org/10.1007/s10040-009-0485-4",NA,NA,NA,TRUE,FALSE,FALSE,TRUE,"good","2005-01-01","2024-12-31",6773,0.927,"2016-05-01 00:00:00","2024-12-31 23:00:00",68798,0.905,2005-10-01,2024-09-30,17,2005-10-01,2024-09-30,17,2005-10-01,2024-09-30,17
"CH-0022","CH","DGE","Source du Tilenet","STT","Source du Tilenet",6.47444847116369,46.7081704418976,4051259.58305015,2628047.51169655,650,"spring_station",FALSE,NA,NA,FALSE,"FALSE",NA,"spring capture",NA,"Folded Jura in Swiss Jura Mountains",FALSE,FALSE,NA,0.4,"Jura","data prior to 2012 were excluded because water had been diverted from the spring for drinking water supply; generally data of higher resolution available but temporary problems with data provision",NA,NA,NA,NA,TRUE,FALSE,FALSE,TRUE,"good","2008-11-14","2021-12-31",4734,0.987,"2008-11-14 12:00:00","2021-12-31 22:00:00",113505,0.986,2008-10-01,2021-09-30,13,2008-10-01,2021-09-30,13,2008-10-01,2021-09-30,13
"CH-0023","CH","Jannis Epting","Martinsmatt","JE1","Martinsmatt",7.73068269528524,47.3933556684014,4149582.79850291,2700376.63591717,566,"spring_station",FALSE,NA,NA,FALSE,"FALSE","drinking water extraction for municipality of Oberdorf","spring capture","contact spring","Tabular Jura in Swiss Jura Mountains; located within the syncline of a Karst system of the imbrication zone where the Folded encounters the Tabular Jura; highly karstified limestone; catchment size varies with hydrological situation",TRUE,TRUE,2.705,0.1,"Jura","do not capture spring discharges during discarding events (due to high turbidity) but these events are rare and short","https://doi.org/10.1016/j.scitotenv.2017.12.272","CH-0023",NA,NA,TRUE,FALSE,FALSE,TRUE,"good","2013-10-14","2016-01-18",824,0.996,"2013-10-14 20:00:00","2016-01-18 12:00:00",19403,0.979,2013-10-01,2015-09-30,2,2013-10-01,2015-09-30,2,2013-10-01,2015-09-30,2
"CH-0024","CH","Jannis Epting","zHof Niederdorf","JE2","zHof spring Niederdorf",7.74092897881167,47.3947055040285,4150360.929829,2700502.88263913,523,"spring_station",FALSE,NA,NA,FALSE,"FALSE","drinking water extraction for municipality of Niederdorf","spring capture","contact spring","Tabular Jura in Swiss Jura Mountains; located within the syncline of a Karst system of the imbrication zone where the Folded encounters the Tabular Jura; highly karstified limestone; catchment size varies with hydrological situation",TRUE,TRUE,2.705,0.7,"Jura",NA,"https://doi.org/10.1016/j.scitotenv.2017.12.272","CH-0024",NA,NA,FALSE,FALSE,TRUE,FALSE,"good","2013-11-01","2015-09-25",694,1,NA,NA,NA,NA,2013-10-01,2015-09-30,2,2013-10-01,2015-09-30,2,2013-10-01,2015-09-30,2
"CH-0025","CH","Jannis Epting","zHof North","JE3","zHof spring North",7.74400532347505,47.3952910559144,4150595.14033695,2700560.82922284,517,"spring_station",FALSE,NA,NA,FALSE,"FALSE","drinking water extraction for municipality of Oberdorf","spring capture","contact spring","Tabular Jura in Swiss Jura Mountains; located within the syncline of a Karst system of the imbrication zone where the Folded encounters the Tabular Jura; highly karstified limestone; catchment size varies with hydrological situation",TRUE,TRUE,2.705,0.3,"Jura","do not capture spring discharges during discarding events (due to high turbidity) but these events are rare and short","https://doi.org/10.1016/j.scitotenv.2017.12.272","CH-0025",NA,NA,TRUE,FALSE,FALSE,TRUE,"good","2013-10-16","2016-01-18",825,1,"2013-10-16 00:00:00","2016-01-18 12:00:00",19708,0.996,2013-10-01,2015-09-30,2,2013-10-01,2015-09-30,2,2013-10-01,2015-09-30,2
"CH-0026","CH","Pierre-Yves Jeannin","Milandre karst system","PYJ1","Saivu - Font - Bâme",7.01371,47.4872799961814,4095862.53914457,2712726.57605447,393,"spring_station",FALSE,NA,NA,FALSE,"FALSE",NA,"water level measurements at 3 different springs (Saivu, La  Bâme, Font); station elevation derived from COP-30 DEM","two perennial (Saivu, Font) and one overflow spring (La Bâme); modelled using several different methods in the Karst Modelling Challenge","Tabular Jura in Swiss Jura Mountains; limestone plateau at an altitude of 550 m a.s.l.; only autogenic recharge; shallow karst sytem with active conduits on top of the impervious layer of Oxfordian marls; speleological network (Milandre cave) with perennial cave stream (Milandrine)",TRUE,TRUE,15.783,9.995,"European Foreland","longer data available (currently: 1992-1995, addition: 2014-2016); discharge is derived from empirical rating curve; sum of three spring discharges; raw data with 15 - 30 min resolution is averaged over one hour; uncertainty 20% in absolute values","https://doi.org/10.1016/j.jhydrol.2021.126508; https://doi.org/10.1016/S0022-1694(03)00171-9","CH-0027",NA,NA,TRUE,FALSE,FALSE,TRUE,"good","1992-09-24","2016-12-31",2012,0.227,"1992-09-24 15:00:00","2016-12-31 23:00:00",48270,0.227,1992-10-01,2016-09-30,4,1992-10-01,2016-09-30,4,1992-10-01,2016-09-30,4
"CH-0027","CH","Tunde Olarinoye","Untere Rappenfluhquelle","W1","Rappenfluh",7.666397,47.4867749961813,4145045.84962931,2710902.42781207,550,"spring_station",FALSE,NA,NA,FALSE,"FALSE",NA,NA,NA,"Tabular Jura in Swiss Jura Mountains; located at karst plateau (Gempen Plateau)",FALSE,FALSE,NA,0.1,"European Foreland",NA,"https://pubs.acs.org/doi/epdf/10.1021/es801613g?ref=article_openPDF; https://www.researchgate.net/publication/257087649_Modeling_karst_hydrology_and_hydrochemistry_at_different_scales_and_in_different_climates_considering_uncertainty; https://doi.org/10.1029/2007WR006277","CH-0001",NA,NA,FALSE,FALSE,TRUE,FALSE,"good","2004-06-01","2010-09-30",906,0.392,NA,NA,NA,NA,2004-10-01,2010-09-30,2,2004-10-01,2010-09-30,2,2004-10-01,2010-09-30,2
"DE-0001","DE","LUBW","Bronnbachquelle","1/415-1","QF Bronnbachquelle, Rottenburg",8.90472457753723,48.4687961643088,4239978.3109923,2817862.11596285,353.74,"spring_station",FALSE,NA,"45409",FALSE,"TRUE","drinking water extraction","spring house (bottom outlet); weir; intake pipe with gate valve",NA,"Muschelkalk (Middle Triassic limestone unit)",TRUE,TRUE,89.878,42.98,"European Foreland",NA,NA,"DE-0026",NA,NA,FALSE,FALSE,TRUE,FALSE,"good","1984-08-01","2024-12-31",14548,0.985,NA,NA,NA,NA,1984-10-01,2024-09-30,40,1984-10-01,2024-09-30,40,1984-10-01,2024-09-30,40
"DE-0002","DE","LUBW","Brenzquelle","1155","Königsbronn Brenz",10.1154333551062,48.7380065478943,4329493.58960352,2847192.94526184,496.7,"spring_station",FALSE,"24/762-4",NA,FALSE,"FALSE",NA,NA,"additional names: Brenzursprung","Malm (White Jurassic) of the Swabian Alb",FALSE,FALSE,NA,100.954,"European Foreland","generally high noise in low flow","https://www.researchgate.net/publication/298254300; https://www.researchgate.net/publication/353417118",NA,NA,NA,FALSE,TRUE,FALSE,TRUE,"good","1981-11-01","2024-12-31",15767,1,"1981-11-01 00:00:00","2024-12-31 23:00:00",378408,1,1981-10-01,2024-09-30,43,1981-10-01,2024-09-30,43,1981-10-01,2024-09-30,43
"DE-0003","DE","LUBW","Quelle Surrenbach","13/316-7","QF Surrenbach, Oberndorf-Aistaig",8.56363778652834,48.3221410033998,4214440.24482462,2801996.63690548,523,"spring_station",FALSE,NA,NA,FALSE,"FALSE","drinking water extraction","spring capture",NA,"Muschelkalk (Middle Triassic limestone unit)",FALSE,FALSE,NA,7.996,"European Foreland","peak flow not measurable",NA,NA,NA,NA,FALSE,FALSE,TRUE,FALSE,"good","1986-06-16","2024-12-31",5501,0.391,NA,NA,NA,NA,2010-10-01,2024-09-30,14,2010-10-01,2024-09-30,14,2010-10-01,2024-09-30,14
"DE-0004","DE","LUBW","Lonequelle","14/714-5","QF Lonequelle Urspring, Lonsee",9.89264373920661,48.5483767249237,4313070.69873282,2826112.40064425,562,"spring_station",FALSE,NA,NA,FALSE,"FALSE",NA,"spring capture; since August 2001 manual measurements at spatially distinct measuring site",NA,"Malm (White Jurassic) of the Swabian Alb",FALSE,FALSE,NA,15.993,"European Foreland",NA,"https://www.researchgate.net/publication/35664207","DE-0029",NA,NA,FALSE,FALSE,TRUE,FALSE,"good","1957-11-01","2024-12-30",13843,0.564,NA,NA,NA,NA,1957-10-01,1992-09-30,34,1957-10-01,1992-09-30,34,1957-10-01,1992-09-30,34
"DE-0005","DE","LUBW","Blautopf","145","Blaubeuren-1 Blautopf",9.78368287526558,48.4161743862391,4304980.80108848,2811435.1932129,511.8,"stream_station",FALSE,"600/665-7",NA,FALSE,"FALSE",NA,NA,"spring pool","Malm (White Jurassic) of the Swabian Alb",TRUE,TRUE,183.394,142.935,"European Foreland","station was closed in the end of 2004, from 01.01.2005 onward, the difference between the stations Blaubeuren Blau (76165) and Blaubeuren Achkanal (76174) was used to approximate the discharge at this station","https://doi.org/10.1007/s10040-023-02703-9; https://doi.org/10.1007/s00767-013-0232-6;  https://www.researchgate.net/publication/330449731",NA,NA,NA,FALSE,TRUE,FALSE,TRUE,"good","1951-11-01","2024-12-31",26723,1,"1951-11-01 00:00:00","2024-12-31 23:00:00",641396,1,1951-10-01,2024-09-30,73,1951-10-01,2024-09-30,73,1951-10-01,2024-09-30,73
"DE-0006","DE","LUBW","Aachursprung","172","Wimsen Zwiefalter Ach",9.44820198499513,48.2545669291303,4280006.32494708,2793602.58258825,556.6,"spring_station",FALSE,"3/567-0",NA,FALSE,"FALSE",NA,NA,"cave; spring pool","Malm (White Jurassic) of the Swabian Alb",FALSE,FALSE,NA,33.984,"European Foreland",NA,"https://doi.org/10.1016/j.jhydrol.2007.11.019",NA,NA,NA,FALSE,TRUE,FALSE,TRUE,"good","1961-11-01","2024-12-31",23072,1,"1961-11-01 00:00:00","2024-12-31 23:00:00",553728,1,1961-10-01,2024-09-30,63,1961-10-01,2024-09-30,63,1961-10-01,2024-09-30,63
"DE-0007","DE","LUBW","Brenzquelle","24/762-4","Q Brenzquelle, Königsbronn",10.1129703315694,48.7374642317148,4329312.45087464,2847132.3771908,500,"spring_station",FALSE,NA,"1155",FALSE,"FALSE","hydropower plant since 2000; no impact on discharge",NA,"additional names: Brenzursprung","Malm (White Jurassic) of the Swabian Alb",FALSE,FALSE,NA,96.956,"European Foreland",NA,"https://www.researchgate.net/publication/298254300; https://www.researchgate.net/publication/353417118","DE-0009",NA,NA,FALSE,FALSE,TRUE,FALSE,"good","1953-11-01","2024-12-31",25911,0.997,NA,NA,NA,NA,1953-10-01,2024-09-30,71,1953-10-01,2024-09-30,71,1953-10-01,2024-09-30,71
"DE-0008","DE","LUBW","Schwarzer Kocher","26/762-5","Q Schwarzer Kocher, Oberkochen",10.0952389588748,48.7721052039763,4328002.89100465,2850981.47344506,504,"spring_station",FALSE,NA,NA,FALSE,"FALSE",NA,"deactivated","additional names: Kocherursprung","Malm (White Jurassic) of the Swabian Alb",FALSE,FALSE,NA,48.978,"European Foreland",NA,NA,"DE-0030",NA,NA,FALSE,FALSE,TRUE,FALSE,"good","1960-11-01","2020-03-31",21109,0.973,NA,NA,NA,NA,1960-10-01,2018-09-30,57,1960-10-01,2018-09-30,57,1960-10-01,2018-09-30,57
"DE-0009","DE","LUBW","Aachursprung","3/567-0","Q Aachursprung Wimsen, Hayingen",9.4481510226547,48.2571062090786,4280004.59673271,2793884.82988832,555.8,"spring_station",FALSE,NA,"172",FALSE,"FALSE","hydropower plant (Wimsener Bann-Mühle)","not captured","cave; spring pool","Malm (White Jurassic) of the Swabian Alb",FALSE,FALSE,NA,33.984,"European Foreland",NA,"https://doi.org/10.1016/j.jhydrol.2007.11.019","DE-0031",NA,NA,FALSE,FALSE,TRUE,FALSE,"good","1961-11-01","2024-12-31",22840,0.99,NA,NA,NA,NA,1961-10-01,2024-09-30,63,1961-10-01,2024-09-30,63,1961-10-01,2024-09-30,63
"DE-0010","DE","LUBW","Buchbrunnenquelle","3/863-3","QF Buchbrunnenquelle Egauwasserwerk, Dischingen",10.3640106147526,48.6803726973948,4347814.76210177,2840845.60708337,466,"spring_station",FALSE,NA,NA,FALSE,"FALSE","drinking water extraction; hydropower plant","spring capture","spring pool","Malm (White Jurassic) of the Swabian Alb",FALSE,FALSE,NA,85.961,"European Foreland",NA,"https://link.springer.com/article/10.1007/BF03243581; https://www.researchgate.net/profile/Tobias-Bunk/publication/315379239_Risikoanalyse_fur_Wasserschutzgebiete_am_Beispiel_Burgberg/links/5ca4d75c299bf1b86d63209c/Risikoanalyse-fuer-Wasserschutzgebiete-am-Beispiel-Burgberg.pdf","DE-0027","Q85","B29",FALSE,FALSE,TRUE,FALSE,"good","1947-07-29","2024-12-31",18918,0.669,NA,NA,NA,NA,1976-10-01,2024-09-30,45,1976-10-01,2024-09-30,45,1976-10-01,2024-09-30,45
"DE-0011","DE","LUBW","Hürbe-Ursprung","401/814-6","Q Hürbe-Ursprung, Hürben",10.2043386783868,48.5936319666597,4336078.75035531,2831158.0398562,455,"spring_station",FALSE,NA,NA,FALSE,"FALSE",NA,NA,"spring pool; additional names: Hürbequelle / Hürbetopf / Roßwedde","Malm (White Jurassic) of the Swabian Alb",FALSE,FALSE,NA,3.998,"European Foreland",NA,"https://www.researchgate.net/profile/Tobias-Bunk/publication/315379239_Risikoanalyse_fur_Wasserschutzgebiete_am_Beispiel_Burgberg/links/5ca4d75c299bf1b86d63209c/Risikoanalyse-fuer-Wasserschutzgebiete-am-Beispiel-Burgberg.pdf; https://www.researchgate.net/publication/353417118",NA,NA,NA,FALSE,FALSE,TRUE,FALSE,"good","2007-01-02","2024-12-31",2175,0.331,NA,NA,NA,NA,2021-10-01,2024-09-30,3,2021-10-01,2024-09-30,3,2021-10-01,2024-09-30,3
"DE-0012","DE","LUBW","Bronnbachquelle","45409","Rottenburg Bronnbachquelle",8.90554263240889,48.4689543664468,4240039.07538444,2817878.80129112,349.4,"spring_station",FALSE,"1/415-1",NA,FALSE,"TRUE","drinking water extraction",NA,NA,"Muschelkalk (Middle Triassic limestone unit)",TRUE,TRUE,89.878,41.981,"European Foreland","strong variations in time series",NA,NA,NA,NA,FALSE,TRUE,FALSE,TRUE,"good","1991-11-01","2024-12-31",12115,1,"1991-11-01 00:00:00","2024-12-31 23:00:00",290760,1,1991-10-01,2024-09-30,33,1991-10-01,2024-09-30,33,1991-10-01,2024-09-30,33
"DE-0013","DE","LUBW","Brunnenhaldenquelle","600/518-4","QF Brunnenhaldenquelle WV, Veringenstadt",9.22331941368817,48.1874272876915,4263223.61415691,2786291.15299258,634,"spring_station",FALSE,NA,NA,FALSE,"?","drinking water extraction for Veringenstadt","spring capture",NA,"Malm (White Jurassic) of the Swabian Alb; limestones of the Lower Felsenkalk Formation",TRUE,TRUE,11.262,4.998,"European Foreland",NA,"https://media.lgrb-bw.de/link/gtk/gtk_4576.pdf",NA,NA,NA,FALSE,FALSE,TRUE,FALSE,"good","1976-02-09","2024-12-31",4434,0.248,NA,NA,NA,NA,2018-10-01,2023-09-30,5,2018-10-01,2023-09-30,5,2018-10-01,2023-09-30,5
"DE-0014","DE","LUBW","Nächstquelle","600/554-9","QF Nächstquelle Götzingen, Buchen (Odenwald)",9.39170472609332,49.5012760167246,4276930.52148192,2932231.02993043,321.92,"spring_station",FALSE,NA,NA,FALSE,"FALSE","previously used for drinking water extraction; emergency water extraction","spring house (bottom outlet); weir; intake pipe with gate valve",NA,"Muschelkalk (Middle Triassic limestone unit)",FALSE,FALSE,NA,4.998,"European Foreland",NA,NA,"DE-0032",NA,NA,TRUE,FALSE,FALSE,TRUE,"good","1955-11-01","2024-12-31",4244,0.168,"1955-11-01 00:00:00","2024-12-31 12:00:00",37870,0.062,2011-10-01,2015-09-30,4,2011-10-01,2015-09-30,4,2011-10-01,2015-09-30,4
"DE-0015","DE","LUBW","Blautopf","600/665-7","Q Blautopf, Blaubeuren",9.78360165648317,48.4161659427551,4304974.78382564,2811434.27234181,511.87,"spring_station",FALSE,NA,"145",FALSE,"FALSE",NA,"not captured","spring pool","Malm (White Jurassic) of the Swabian Alb",TRUE,TRUE,183.394,144.934,"European Foreland",NA,"https://doi.org/10.1007/s10040-023-02703-9; https://doi.org/10.1007/s00767-013-0232-6; https://www.researchgate.net/publication/330449731","DE-0003",NA,NA,FALSE,FALSE,TRUE,FALSE,"good","1955-11-01","2024-12-31",25115,0.994,NA,NA,NA,NA,1955-10-01,2024-09-30,69,1955-10-01,2024-09-30,69,1955-10-01,2024-09-30,69
"DE-0016","DE","LUBW","Gallusquelle","601/517-7","QF Gallusquelle, Veringenstadt-Hermentingen",9.21465267823319,48.1998186586795,4262593.21363867,2787675.09442306,636.82,"spring_station",FALSE,NA,"76122",FALSE,"TRUE","drinking water extraction (40000 people)","spring house (bottom outlet); weir; intake pipe with gate valve",NA,"Malm (White Jurassic) of the Swabian Alb",FALSE,FALSE,NA,31.985,"European Foreland",NA,"https://link.springer.com/article/10.1007/BF03175401; https://tobias-lib.ub.uni-tuebingen.de/xmlui/handle/10900/48838; https://ui.adsabs.harvard.edu/abs/2012EGUGA..1411803G/abstract","DE-0028",NA,NA,FALSE,FALSE,TRUE,FALSE,"good","1955-11-10","2024-12-31",25131,0.995,NA,NA,NA,NA,1955-10-01,2024-09-30,69,1955-10-01,2024-09-30,69,1955-10-01,2024-09-30,69
"DE-0017","DE","LUBW","Gallusquelle","76122","Hermentingen-Pegel Gallusquelle",9.2151207263533,48.1997197178386,4262627.90721183,2787663.72850164,632.9,"spring_station",FALSE,"601/517-7",NA,FALSE,"FALSE",NA,NA,NA,"Malm (White Jurassic) of the Swabian Alb",FALSE,FALSE,NA,32.985,"European Foreland","strong variations in time series","https://doi.org/10.1007/BF03175401; https://tobias-lib.ub.uni-tuebingen.de/xmlui/handle/10900/48838; https://ui.adsabs.harvard.edu/abs/2012EGUGA..1411803G/abstract",NA,NA,NA,FALSE,TRUE,FALSE,TRUE,"good","1999-06-01","2024-12-31",9344,1,"1999-06-01 00:00:00","2024-12-31 23:00:00",224244,1,1999-10-01,2024-09-30,25,1999-10-01,2024-09-30,25,1999-10-01,2024-09-30,25
"DE-0018","DE","LfU","Kelsbachquelle","11507","Karstquelle Ettling",11.6610716294317,48.8190881637086,4443010.96332461,2857575.07698655,360,"spring_station",FALSE,NA,NA,FALSE,"?","hydropower plant (up to 150 l/s)",NA,"resurgence; spring pool; additional names: Schöne Quelle","Malm (White Jurassic) of the Franconian Alb; hydraulic contact to Kelsbach stream",FALSE,FALSE,NA,19.991,"European Foreland",NA,NA,"DE-0022",NA,NA,FALSE,FALSE,TRUE,FALSE,"good","1976-11-01","2024-12-31",9409,0.535,NA,NA,NA,NA,1978-10-01,2024-09-30,14,1978-10-01,2024-09-30,14,1978-10-01,2024-09-30,14
"DE-0019","DE","LfU","Hüttenbachquelle","11530","Karstquelle Obereichstätt",11.1339336821754,48.8923779842191,4404172.48925034,2864987.78679565,393,"spring_station",FALSE,NA,NA,FALSE,"?","hydropower plant","spring capture (short gallery); station elevation derived from COP-30 DEM","contact spring","Malm (White Jurassic) of the Franconian Alb; hydraulic contact to Kelsbach stream",TRUE,TRUE,87.225,94.957,"European Foreland",NA,"https://doi.org/10.1016/0022-1694(89)90285-0, https://doi.org/10.1016/j.jconhyd.2010.05.008, https://www.umweltatlas.bayern.de/standortauskunft/rest/reporting/sb_geotope/generate/Geotope.pdf?additionallayerfieldvalue=176Q007; Grundwasserumsatzräume im Karst der Südlichen Frankenalb (Pfaff, 1986)","DE-0012",NA,NA,TRUE,FALSE,FALSE,TRUE,"good","2013-01-16","2024-12-31",4361,0.998,"2013-01-16 15:00:00","2024-12-31 23:00:00",104503,0.997,2013-10-01,2024-09-30,11,2013-10-01,2024-09-30,11,2013-10-01,2024-09-30,11
"DE-0020","DE","LfU","Blaubrunnen","11535","Quelle Blaubrunnen",11.2770110570658,48.9864500946535,4414488.13517673,2875616.71349617,429,"spring_station",FALSE,NA,NA,FALSE,"?",NA,"spring capture; weir; station elevation derived from COP-30 DEM",NA,"Malm (White Jurassic) of the Franconian Alb",TRUE,TRUE,20.055,1,"European Foreland",NA,"Grundwasserumsatzräume im Karst der Südlichen Frankenalb (Pfaff, 1986)","DE-0011",NA,NA,TRUE,FALSE,FALSE,TRUE,"good","2013-07-17","2024-12-31",4186,1,"2013-07-17 00:00:00","2024-12-31 23:00:00",100325,0.999,2013-10-01,2024-09-30,11,2013-10-01,2024-09-30,11,2013-10-01,2024-09-30,11
"DE-0021","DE","LfU","Kirchenflussquelle","20500","Kirchenflussquelle 13/2",11.8484123311206,49.2031615223673,4455717.39168189,2900592.44756921,405,"spring_station",FALSE,NA,NA,FALSE,"?",NA,"spring capture; weir",NA,"Malm (White Jurassic) of the Franconian Alb",FALSE,FALSE,NA,3.998,"European Foreland","poor hydrograph quality; strongly changing levels and dynamics",NA,"DE-0034",NA,NA,TRUE,FALSE,FALSE,TRUE,"poor","2011-08-01","2024-12-31",3496,0.713,"2011-08-01 00:00:00","2024-12-31 23:00:00",82212,0.699,2019-10-01,2024-09-30,4,2019-10-01,2024-09-30,4,2019-10-01,2024-09-30,4
"DE-0022","DE","LfU","Mühlbachquelle","20523","Mühlbachquelle 1-3",11.6147930319436,49.0205153666434,4439131.14428894,2879888.72522614,365.73,"spring_station",FALSE,NA,NA,FALSE,"?",NA,"spring capture; at least 2 springs","cave","Malm (White Jurassic) of the Franconian Alb",FALSE,FALSE,NA,25.988,"European Foreland","poor hydrograph quality; lower level from ~ 2015 on; extreme variability of hydrograph; before 2007 strongly changing meaurement frequencies","https://www.muehlbachquellhoehle.de/wp-content/uploads/2012/01/LHF_46_2011_Muehlbach.pdf; https://www.muehlbachquellhoehle.de/wp-content/uploads/2012/01/Muehlbach-GBvNOBy-2005.pdf",NA,NA,NA,TRUE,FALSE,FALSE,TRUE,"poor","1981-11-01","2024-12-31",11797,0.748,"1981-11-01 00:00:00","2024-12-31 23:00:00",175069,0.463,2015-10-01,2024-09-30,9,2015-10-01,2024-09-30,9,2015-10-01,2024-09-30,9
"DE-0023","DE","LfU","Hallerbrunnen","20557","Schlögelsmühle/Hallerbrunnen",11.635152013418,49.3732554462589,4439764.43380531,2919133.50923162,455,"spring_station",FALSE,NA,NA,FALSE,"?","drinking water extraction","spring capture; weir; station elevation derived from COP-30 DEM",NA,"Malm (White Jurassic) of the Franconian Alb",TRUE,FALSE,13.55,6.997,"European Foreland","daily data of the same site from before 21.09.2019 was added to the daily data obtained from aggregation of instantaneous data",NA,"DE-0017",NA,NA,TRUE,FALSE,FALSE,TRUE,"good","2011-10-01","2024-12-31",4390,0.907,"2019-09-20 09:00:00","2024-12-31 16:00:00",39437,0.852,2011-10-01,2023-09-30,10,2011-10-01,2023-09-30,10,2011-10-01,2023-09-30,10
"DE-0024","DE","LfU","Quelle Winzer","20559","Quelle Winzer",12.0611344534045,49.0336943190399,4471734.55381703,2882168.38266291,360,"spring_station",FALSE,NA,NA,FALSE,"?",NA,"spring capture; subterranean",NA,"Cretaceous",TRUE,FALSE,0.232,1.999,"European Foreland","poor hydrograph quality; short time series with no clear dynamic",NA,"DE-0016",NA,NA,TRUE,FALSE,FALSE,TRUE,"poor","2011-08-01","2024-12-31",3208,0.654,"2011-08-01 00:00:00","2024-12-31 23:00:00",75892,0.645,2011-10-01,2024-09-30,7,2011-10-01,2024-09-30,7,2011-10-01,2024-09-30,7
"DE-0025","DE","LfU","Quelle Kleinalfalterbach","20560","Kleinalfalterbach Quelle 1",11.5597690040909,49.1980434916275,4434696.06979351,2899536.39112525,517,"spring_station",FALSE,NA,NA,FALSE,"?",NA,"spring capture; weir; station elevation derived from COP-30 DEM",NA,"Malm (White Jurassic) of the Franconian Alb",FALSE,FALSE,NA,0.8,"European Foreland","peaks seem to get higher over time",NA,"DE-0019",NA,NA,TRUE,FALSE,FALSE,TRUE,"good","2012-09-12","2024-12-31",4260,0.948,"2012-09-12 14:00:00","2024-12-31 23:00:00",101847,0.944,2012-10-01,2024-09-30,12,2012-10-01,2024-09-30,12,2012-10-01,2024-09-30,12
"DE-0026","DE","LfU","Gori-Quelle","20562","Gori-Quelle Grafenried",12.001543487087,49.0144012601282,4467434.99459348,2879903.82860571,400,"spring_station",FALSE,NA,NA,FALSE,"?",NA,"spring capture; subterranean; station elevation derived from COP-30 DEM",NA,"Cretaceous",FALSE,FALSE,NA,0.7,"European Foreland","strongly changing levels and dynamics, especially from ~2023 on",NA,"DE-0021",NA,NA,TRUE,FALSE,FALSE,TRUE,"good","2013-11-21","2024-12-31",3788,0.933,"2013-11-21 15:00:00","2024-12-31 23:00:00",88405,0.908,2019-10-01,2022-09-30,2,2019-10-01,2022-09-30,2,2019-10-01,2022-09-30,2
"DE-0027","DE","LfU","St. Josefs-Quelle","21544","St. Josefs-Quelle",12.1338162186737,47.6179904509068,4481487.29918722,2725022.09542182,618,"spring_station",TRUE,NA,NA,FALSE,"?","drinking water extraction","spring house","additional names: St-Josefs-Quelle","Alpine rocks",TRUE,FALSE,0.745,1,"Helvetic",NA,NA,NA,NA,NA,TRUE,FALSE,FALSE,TRUE,"good","2017-12-08","2024-12-31",2577,0.998,"2017-12-08 09:00:00","2024-12-31 23:00:00",61666,0.996,2017-10-01,2024-09-30,7,2017-10-01,2024-09-30,7,2017-10-01,2024-09-30,7
"DE-0028","DE","LfU","Sulzthalquelle","22541","Sulzthalquelle",10.0349773721963,50.1298964586285,4323501.21011199,3001958.05716951,270,"spring_station",FALSE,NA,NA,FALSE,"?",NA,"spring capture; weir","additional names: Sulzquelle","Muschelkalk (Middle Triassic limestone unit)",FALSE,FALSE,NA,4.998,"European Foreland",NA,NA,"DE-0014",NA,NA,TRUE,FALSE,FALSE,TRUE,"good","2011-07-14","2024-12-31",4428,0.9,"2011-07-14 00:00:00","2024-12-31 23:00:00",104245,0.883,2011-10-01,2024-09-30,11,2011-10-01,2024-09-30,11,2011-10-01,2024-09-30,11
"DE-0029","DE","LfU","Quelle Marktsteinach","22543","Quelle Marktsteinach",10.3495427378851,50.0692747192148,4346027.22821398,2995274.73715776,260,"spring_station",FALSE,NA,NA,FALSE,"?","previously used for drinking water extraction","spring capture; subterranean","additional names: Quelle am Kolben","Muschelkalk (Middle Triassic limestone unit)",FALSE,FALSE,NA,1,"European Foreland",NA,NA,NA,NA,NA,TRUE,FALSE,FALSE,TRUE,"good","2016-04-13","2024-12-31",2135,0.67,"2016-04-13 09:00:00","2024-12-31 23:00:00",49869,0.652,2019-10-01,2024-09-30,3,2019-10-01,2024-09-30,3,2019-10-01,2024-09-30,3
"DE-0030","DE","LfU","Strailachquellen","23585","Strailach Quellen 3-5",12.8916103974482,47.7452432335052,4537916.38551128,2741088.26045096,450,"spring_station",TRUE,NA,NA,FALSE,"?","drinking water extraction for Piding","spring house","additional names: Quellen am Goldenen Zweig","Alpine rocks",TRUE,FALSE,0.646,0.5,"Helvetic",NA,NA,NA,NA,NA,TRUE,FALSE,FALSE,TRUE,"good","1988-01-07","2024-12-31",6004,0.444,"1988-01-07 10:00:00","2024-12-31 16:00:00",114399,0.353,2011-10-01,2024-09-30,13,2011-10-01,2024-09-30,13,2011-10-01,2024-09-30,13
"DE-0031","DE","LfU","Quelle Hacklau","23588","Hacklau Qu. rechts+links",12.472754242564,47.727749603232,4506573.26538147,2738005.84417657,575,"spring_station",TRUE,NA,NA,FALSE,"?",NA,NA,NA,"Alpine rocks",TRUE,FALSE,0.6,0.4,"Helvetic",NA,NA,NA,NA,NA,TRUE,FALSE,FALSE,TRUE,"good","2014-12-16","2024-12-31",3667,0.999,"2014-12-16 00:00:00","2024-12-31 23:00:00",87229,0.991,2015-10-01,2024-09-30,9,2015-10-01,2024-09-30,9,2015-10-01,2024-09-30,9
"DE-0032","DE","LfU","Dorfquelle Adlholz","2500","Dorfquelle Adlholz 9/21",11.8380447291307,49.5796697275481,4453932.96448737,2942428.27241009,470,"spring_station",FALSE,NA,NA,FALSE,"?",NA,"spring capture; weir",NA,"Malm (White Jurassic) of the Franconian Alb; hydraulic contact to Kelsbach stream",FALSE,FALSE,NA,0.5,"European Foreland",NA,NA,"DE-0015",NA,NA,TRUE,FALSE,FALSE,TRUE,"good","1951-05-11","2024-12-31",7699,0.286,"1951-05-11 10:00:00","2024-12-31 23:00:00",112172,0.174,2011-10-01,2024-09-30,13,2011-10-01,2024-09-30,13,2011-10-01,2024-09-30,13
"DE-0033","DE","LfU","Vilsquelle","2501","VILSQU.,KLEINSCHOENBR. 9/22",11.880431855133,49.5822762443357,4456990.46633961,2942795.58702621,455,"spring_station",FALSE,NA,NA,FALSE,"?",NA,"spring capture","contact spring; additional names: Vils-Quelle","Cretaceous sandstones",FALSE,FALSE,NA,2.999,"European Foreland",NA,NA,NA,NA,NA,TRUE,FALSE,FALSE,TRUE,"good","1951-05-11","2024-12-31",7997,0.297,"1951-05-11 10:00:00","2024-12-31 23:00:00",129679,0.201,2010-10-01,2024-09-30,14,2010-10-01,2024-09-30,14,2010-10-01,2024-09-30,14
"DE-0034","DE","LfU","Seeweiherquelle","2520","Seeweiherquelle 9/15",11.5445888250268,49.6915492789323,4432455.64191295,2954379.02304223,413,"spring_station",FALSE,NA,NA,FALSE,"?",NA,"station elevation derived from COP-30 DEM","estavelle","Malm (White Jurassic) of the Swabian Alb",FALSE,FALSE,NA,3.998,"European Foreland",NA,NA,NA,NA,NA,TRUE,FALSE,FALSE,TRUE,"good","2014-11-19","2016-12-03",735,0.985,"2014-11-19 11:00:00","2016-12-03 03:00:00",17191,0.962,2014-10-01,2016-09-30,2,2014-10-01,2016-09-30,2,2014-10-01,2016-09-30,2
"DE-0035","DE","LfU","Bergmannsquellen","2521","Bergmannsquellen 9/16",11.5621361193795,49.6818887504345,4433744.12652936,2953331.69034181,403,"spring_station",FALSE,NA,NA,FALSE,"?","drinking water extraction for Nürnberg and Auerbach","spring capture; weir; station elevation derived from COP-30 DEM","spring pond; additional names: Kammerweiher","Malm (White Jurassic) of the Franconian Alb; hydraulic contact to Kelsbach stream",FALSE,FALSE,NA,3.998,"European Foreland","strongly changing levels and dynamics",NA,"DE-0024",NA,NA,TRUE,FALSE,FALSE,TRUE,"good","2014-11-22","2024-12-31",3420,0.926,"2014-11-22 15:00:00","2024-12-31 23:00:00",80555,0.909,2019-10-01,2021-09-30,2,2019-10-01,2021-09-30,2,2019-10-01,2021-09-30,2
"DE-0036","DE","LfU","Brunnbergquellen","2524","Brunnbergquellen 9/19",11.5635746495867,49.6589581924005,4433901.40557161,2950784.38805119,395,"spring_station",FALSE,NA,NA,FALSE,"?",NA,"spring capture; weir; station elevation derived from COP-30 DEM","spring pond","Malm (White Jurassic) of the Franconian Alb; hydraulic contact to Kelsbach stream",FALSE,FALSE,NA,0.6,"European Foreland",NA,NA,"DE-0023",NA,NA,TRUE,FALSE,FALSE,TRUE,"good","2014-11-19","2024-12-31",3287,0.889,"2014-11-19 10:00:00","2024-12-31 23:00:00",76543,0.863,2014-10-01,2024-09-30,8,2014-10-01,2024-09-30,8,2014-10-01,2024-09-30,8
"DE-0037","DE","LfU","Quelle Unterammergau","25556","Unterammergau Q Speicherzulauf",11.013946063551,47.5959003034422,4397302.32523914,2720776.42461272,1150,"spring_station",TRUE,NA,NA,FALSE,"?",NA,NA,NA,"Alpine rocks",FALSE,FALSE,NA,0.8,"Penninic",NA,NA,NA,NA,NA,TRUE,FALSE,FALSE,TRUE,"good","2015-01-17","2024-12-31",3631,0.998,"2015-01-17 00:00:00","2024-12-31 16:00:00",85836,0.983,2015-10-01,2024-09-30,9,2015-10-01,2024-09-30,9,2015-10-01,2024-09-30,9
"DE-0038","DE","LfU","Säulingquellen","41516","Säulingquellen",10.7720570687733,47.5398249358955,4379163.45054913,2714326.63529727,1198,"spring_station",TRUE,NA,NA,FALSE,"?",NA,"spring house; station elevation derived from COP-30 DEM",NA,"Alpine rocks",TRUE,FALSE,0.283,1.999,"Helvetic","strong variations in time series",NA,NA,NA,NA,TRUE,FALSE,FALSE,TRUE,"good","2018-11-17","2024-12-31",2085,0.932,"2018-11-17 00:00:00","2024-12-31 16:00:00",49031,0.913,2018-10-01,2024-09-30,5,2018-10-01,2024-09-30,5,2018-10-01,2024-09-30,5
"DE-0039","DE","LfU","Kalter Brunnen Oberstdorf","41575","Kalter Brunnen Oberstdorf",10.3353705175416,47.4098576561899,4346329.24161272,2699640.92592877,1475,"spring_station",TRUE,NA,NA,FALSE,"?",NA,NA,NA,"Alpine rocks",FALSE,FALSE,NA,0.6,"Helvetic","daily data of the same site from before 01.09.2023 was added to the daily data obtained from aggregation of instantaneous data; discharge dynamic may have changed; strong variations in time series",NA,NA,NA,NA,TRUE,FALSE,FALSE,TRUE,"good","2016-11-04","2024-12-31",2638,0.885,"2023-09-01 00:00:00","2024-12-31 16:00:00",11612,0.992,2016-10-01,2024-09-30,5,2016-10-01,2024-09-30,5,2016-10-01,2024-09-30,5
"DE-0040","DE","LfU","Ellernbachquelle","5502","Ellernbachquelle Rossdach 3/6",11.0924345370458,50.0237429714421,4399289.71766861,2990733.86609107,402,"spring_station",FALSE,NA,NA,FALSE,"?",NA,"station elevation derived from COP-30 DEM",NA,"Malm (White Jurassic) of the Franconian Alb; hydraulic contact to Kelsbach stream",FALSE,FALSE,NA,4.998,"European Foreland",NA,NA,"DE-0020",NA,NA,TRUE,FALSE,FALSE,TRUE,"good","1951-07-16","2024-12-31",7121,0.265,"1951-07-16 13:00:00","2024-12-31 23:00:00",95644,0.149,2013-10-01,2024-09-30,11,2013-10-01,2024-09-30,11,2013-10-01,2024-09-30,11
"DE-0041","DE","LfU","Weissbrunnen","5506","Weissbrunnen",11.3631563879996,50.2770019289177,4418171.19956065,3019222.22428026,339.9,"spring_station",FALSE,NA,NA,FALSE,"?",NA,NA,NA,"Muschelkalk (Middle Triassic limestone unit)",FALSE,FALSE,NA,0.9,"European Foreland",NA,NA,"DE-0013",NA,NA,TRUE,FALSE,FALSE,TRUE,"good","1951-05-02","2024-12-31",5930,0.22,"1951-05-02 10:00:00","2024-12-31 16:00:00",124335,0.193,2010-10-01,2024-09-30,14,2010-10-01,2024-09-30,14,2010-10-01,2024-09-30,14
"DE-0042","DE","LfU","Hetzlesquellen","5560","Hetzlesquellen 1-5",11.144892182173,49.6443269652283,4403697.80924645,2948600.33744699,400,"spring_station",FALSE,NA,NA,FALSE,"?",NA,NA,NA,"Dogger (Brown Jurassic)",TRUE,FALSE,1.183,0.9,"European Foreland",NA,NA,"DE-0018",NA,NA,TRUE,FALSE,FALSE,TRUE,"good","2011-11-15","2024-12-31",4277,0.892,"2011-11-15 15:00:00","2024-12-31 23:00:00",100587,0.874,2012-10-01,2021-09-30,9,2012-10-01,2021-09-30,9,2012-10-01,2021-09-30,9
"DE-0043","DE","LfU","Strössendorfquelle","5561","Strössendorf Quelle",11.2132172385814,50.1303519260689,4407751.03183157,3002725.43028398,391,"spring_station",FALSE,NA,NA,FALSE,"?",NA,"station elevation derived from COP-30 DEM",NA,"Dogger (Brown Jurassic)",TRUE,FALSE,0.105,0.1,"European Foreland","slight step pattern",NA,"DE-0036",NA,NA,TRUE,FALSE,FALSE,TRUE,"good","2014-11-10","2024-11-17",3255,0.889,"2014-11-10 11:00:00","2024-11-17 23:00:00",74781,0.851,2014-10-01,2024-09-30,6,2014-10-01,2024-09-30,6,2014-10-01,2024-09-30,6
"DE-0044","DE","LfU","Aschenbrunnen","6516","Aschenbrunnen Pottenstein",11.4319421246976,49.7699358160433,4424160.905273,2962930.13485362,376.6,"spring_station",FALSE,NA,NA,FALSE,"?","drinking water extraction for Pottenstein (for more than 100 years)",NA,"contact spring","Malm (White Jurassic) of the Franconian Alb; hydraulic contact to Kelsbach stream",TRUE,FALSE,4.755,1,"European Foreland","strongly changing levels, till ~2005 exceptionally high","https://doi.org/10.23689/fidgeo-5267","DE-0035",NA,NA,TRUE,FALSE,FALSE,TRUE,"good","2013-02-24","2024-11-10",4061,0.949,"2013-02-24 00:00:00","2024-11-10 23:00:00",96160,0.937,2017-10-01,2023-09-30,6,2017-10-01,2023-09-30,6,2017-10-01,2023-09-30,6
"DE-0045","DE","LfU","Schwalbquelle","8501","Schwalbquelle Gosheim",10.7242554140797,48.8462456035879,4374173.97152623,2859480.41683374,433,"spring_station",FALSE,NA,NA,FALSE,"?",NA,"spring capture; weir",NA,"Malm (White Jurassic) of the Franconian Alb; hydraulic contact to Kelsbach stream",FALSE,FALSE,NA,2.999,"European Foreland",NA,NA,"DE-0025",NA,NA,TRUE,FALSE,FALSE,TRUE,"good","2015-08-05","2024-12-31",3110,0.905,"2015-08-05 12:00:00","2024-12-31 10:00:00",72707,0.882,2015-10-01,2024-09-30,8,2015-10-01,2024-09-30,8,2015-10-01,2024-09-30,8
"FR-0001","FR","Cécile Baudement","Sources de Dardennes","699","Ragas Dardennes",5.932,43.1769999945936,3989501.99029456,2238899.80380478,149,"spring_station",FALSE,NA,NA,FALSE,"FALSE","station is influenced by drinking water extraction, water management at dam, urban runoff input downstream in the Las river: all these factors are considered in the discharge data available","spring capture; sensor of main spring Ragas located in a saturated karst conduit; discharge of Dardennes springs is calculated considering water management at the dam, pumping of drinking water and urban runoff input; from snokarst only water level data available","main spring Ragas is overflow spring","Alpine foreland",TRUE,TRUE,76.988,265.878,"Provence Platform","discharge was calculated by accounting for water management at a dam and pumping of drinking water by sub-stations which were only monitored in 2012-2016; no rating curve can be established for water level data in different periods","https://doi.org/10.1051/bsgf/2017203; https://hal.science/tel-01617489v2/file/these_A_CHOLET_Cybele_2017.pdf; https://www.speleh2o.com/telechargement/lelasunerivieredanslaville.pdf; https://deims.org/ed835c14-b860-461f-936d-f2991e8df9f1",NA,NA,NA,TRUE,FALSE,FALSE,TRUE,"good","2012-10-15","2016-02-27",1050,0.853,"2012-10-15 00:00:00","2016-02-27 00:00:00",1050,0.036,2012-10-01,2015-09-30,2,2012-10-01,2015-09-30,2,2012-10-01,2015-09-30,2
"FR-0002","FR","SCHAPI","Font de Champdamoy","U052561001","La Font de Champdamois à Quincey",6.19008808556416,47.612876835491,4034522.34250726,2729516.58003667,223,"spring_station",FALSE,NA,NA,FALSE,"?","drinking water extraction","spring capture; parallel watercourse to station, but closed at permanent dam",NA,"Paris Basin (Jurassic limestone)",FALSE,FALSE,NA,148.932,"European Foreland",NA,"https://doi.org/10.5194/hess-29-3037-2025; https://www.haute-saone.gouv.fr/contenu/telechargement/7869/55458/file/12-189+Impact_1.pdf",NA,"Q176",NA,FALSE,TRUE,TRUE,TRUE,"good","1994-09-29","1997-07-13",1019,1,"1994-09-28 10:00:00","1997-07-14 16:00:00",23897,0.976,1994-10-01,1996-09-30,2,1994-10-01,1996-09-30,2,1994-10-01,1996-09-30,2
"FR-0003","FR","SCHAPI","Source du Doubs","U200201001","Le Doubs à Mouthe",6.20895885453807,46.7049020012761,4030948.55331111,2628685.98350556,944.61,"spring_station",FALSE,NA,NA,FALSE,"?",NA,NA,"spring pool","region of region of French Jura Mountains",FALSE,FALSE,NA,52.976,"Jura",NA,"https://infoterre.brgm.fr/rapports/RP-53903-FR.pdf; https://www.researchgate.net/profile/Eric-Falcon/publication/298790311_Comptes-rendus_de_la_19e_Rencontre_du_Non-Lineaire_Paris_2016_132_pages/links/56ebdd3608aed740cbb603df/Comptes-rendus-de-la-19e-Rencontre-du-Non-Lineaire-Paris-2016-132-pages.pdf#page=134; https://doi.org/10.5194/hess-29-3037-2025","FR-0015","Q140",NA,FALSE,TRUE,TRUE,TRUE,"good","1979-10-24","2024-01-01",16141,1,"1979-10-23 21:00:00","2024-01-01 23:00:00",378043,0.976,1979-10-01,2023-09-30,44,1979-10-01,2023-09-30,44,1979-10-01,2023-09-30,44
"FR-0004","FR","SCHAPI","Source Noire","U242521001","Le Cusancin à Cusance [source Noire]",6.43671993780532,47.3223479318194,4051543.81518287,2696343.78212139,313,"spring_station",FALSE,NA,NA,FALSE,"?",NA,NA,"cave; additional names: Source du Cusancin","region of region of French Jura Mountains",FALSE,FALSE,NA,98.955,"Jura",NA,NA,"FR-0042",NA,NA,FALSE,TRUE,TRUE,TRUE,"good","1980-08-08","1985-12-30",1971,1,"1980-08-07 18:00:00","1985-12-31 22:00:00",47333,1,1980-10-01,1985-09-30,5,1980-10-01,1985-09-30,5,1980-10-01,1985-09-30,5
"FR-0005","FR","SCHAPI","Source Bleue (Cusancin)","U242522001","Le torrent des Alloz à Cusance [source Bleue]",6.43757819864531,47.3243679750133,4051619.11453243,2696564.86997958,307,"spring_station",FALSE,NA,NA,TRUE,"?",NA,"small additional tributary > 3km (Torrent des Alloz), dry most of the year","spring pool","region of region of French Jura Mountains",FALSE,FALSE,NA,87.96,"Jura",NA,"https://doubsdessoubre.fr/wp-content/uploads/2023/01/Plaquette-RKM-finale-compresse.pdf","FR-0041",NA,NA,FALSE,TRUE,TRUE,TRUE,"good","1980-08-22","1986-11-18",2279,1,"1980-08-21 19:00:00","1986-11-19 04:00:00",53929,0.985,1980-10-01,1986-09-30,6,1980-10-01,1986-09-30,6,1980-10-01,1986-09-30,6
"FR-0006","FR","SCHAPI","Source de la Glaie Noire","U242601001","[La source de la Glaie noire] à Pont-les-Moulins",6.36038161192667,47.3200781508361,4045764.35368209,2696372.55039849,285,"spring_station",FALSE,NA,NA,FALSE,"?",NA,NA,NA,"region of region of French Jura Mountains",FALSE,FALSE,NA,43.98,"Jura",NA,NA,NA,NA,NA,FALSE,TRUE,TRUE,TRUE,"good","1973-11-01","1991-11-19",6331,0.96,"1973-10-31 21:00:00","1991-11-20 03:00:00",147909,0.935,1973-10-01,1991-09-30,16,1973-10-01,1991-09-30,16,1973-10-01,1991-09-30,16
"FR-0007","FR","SCHAPI","Source d'Arcier","U251542001","[La source d'Arcier] à Vaire-Arcier",6.11899988929324,47.2688491851399,4027240.3513088,2691614.26429463,246.27,"spring_station",FALSE,"830",NA,FALSE,"TRUE","drinking water extraction for the city of Besançon (60000 inhabitants); water extracted directly in spring cave of the Source du Martinet","spring capture; station measures both Source d'Arcier and Source du Martinet","several springs (Source d'Arcier & Source du Martinet)","region of region of French Jura Mountains; catchment area is plateau de Saône-Nancray",TRUE,TRUE,153.152,57.974,"European Foreland",NA,"https://doi.org/10.1016/j.jsg.2024.105154; https://digitalcommons.usf.edu/cgi/viewcontent.cgi?article=1255&context=ijs; https://infoterre.brgm.fr/rapports/RP-53903-FR.pdf","FR-0020","Q49",NA,FALSE,TRUE,TRUE,TRUE,"good","1983-10-15","2024-01-01",13396,0.912,"1983-10-14 18:00:00","2024-01-01 23:00:00",312482,0.886,1983-10-01,2023-09-30,34,1983-10-01,2023-09-30,34,1983-10-01,2023-09-30,34
"FR-0008","FR","SCHAPI","Source de la Mouillère","U251553202","[La source de la Mouillère] à Besançon",6.02432540164345,47.2451360137542,4019945.20442935,2689362.96142574,250,"spring_station",FALSE,NA,NA,FALSE,"TRUE","influenced by the exploitation of the aquifer by the Thise and Chailluz boreholes (at higher elevation in > 5 km distance)",NA,"vauclusian","region of region of French Jura Mountains; main outlet of the Thise - Chailluz watershed",FALSE,FALSE,NA,53.975,"European Foreland",NA,"https://orisk-bfc.fr/sites/default/files/pole-karst/Documents/JET/2eRDVkarst/PresRdVBFC_LeBarbu_02122021.pdf; https://www.bing.com/ck/a?!&&p=499b95fb2b8ac60128b197f998844ca866c63a74315d9e67f334b933b11567ddJmltdHM9MTc0MzcyNDgwMA&ptn=3&ver=2&hsh=4&fclid=145fd376-03f6-622f-04fb-c09202a56369&psq=Circulations+souterraines+aboutissant+%c3%a0+la+source+de+la+Mouill%c3%a8re+Document+%3a+cabinet+Pascal+Reil%c3%a9&u=a1aHR0cHM6Ly9kb2Mtb2FpLmVhdXJtYy5mci9jaW5kb2NvYWkvZG93bmxvYWQvRE9DLzM1NTUvNC9EMzExNDJfNC5wZGZfMjc3OEtv&ntb=1; https://www.ccdz.cerist.dz/admin/notice.php?id=119947; https://www.erudit.org/en/journals/rseau/1996-v9-n2-rseau3283/705250ar.pdf",NA,NA,NA,FALSE,TRUE,TRUE,TRUE,"good","2020-12-05","2024-01-01",1119,0.996,"2020-12-01 00:00:00","2024-01-01 23:00:00",26916,0.995,2020-10-01,2023-09-30,3,2020-10-01,2023-09-30,3,2020-10-01,2023-09-30,3
"FR-0009","FR","SCHAPI","Source de la Loue","U260406001","La Loue [source canal] à Ouhans",6.29891278996711,47.0116205897635,4039464.77437027,2662371.58197174,522.8,"spring_station",FALSE,"U260405002","U2604075",FALSE,"?","hydropower plant downstream of the station","station only measures discharge of minor springs on the left bank downstream of the main spring","resurgence","region of French Jura Mountains; water partly originates from river losses of the Doubs (""Absinth-Tracer"") and probably also from Drugeon resulting in rather constant discharge",TRUE,TRUE,179.034,69.968,"Jura",NA,"https://svt.ac-besancon.fr/source-de-la-loue-ouhans/",NA,"Q592",NA,FALSE,TRUE,TRUE,TRUE,"good","1993-11-06","2024-01-01",10405,0.945,"1993-11-05 13:00:00","2024-01-01 23:00:00",249873,0.945,1993-10-01,2023-09-30,26,1993-10-01,2023-09-30,26,1993-10-01,2023-09-30,26
"FR-0010","FR","SCHAPI","Source de la Loue","U2604075","La Loue à Ouhans",6.29882193372987,47.0117280871436,4039458.44563214,2662383.85562336,522.8,"spring_station",FALSE,"U260405002; U260406001",NA,FALSE,"?","hydropower plant downstream of the station","fictive station provided by MTE; sum of the source de la Loue (vasque) and the Loue source canal","resurgence","region of French Jura Mountains; water partly originates from river losses of the Doubs (""Absinth-Tracer"") and probably also from Drugeon resulting in rather constant discharge",TRUE,TRUE,179.034,315.856,"Jura",NA,"https://doi.org/10.1016/j.jhydrol.2021.127358; https://infoterre.brgm.fr/rapports/RP-63844-FR.pdf; https://infoterre.brgm.fr/rapports/RP-53903-FR.pdf; https://svt.ac-besancon.fr/source-de-la-loue-ouhans/","FR-0010","Q592",NA,FALSE,TRUE,TRUE,TRUE,"good","2002-03-14","2022-01-10",2001,0.276,"2002-03-13 19:00:00","2007-11-28 23:00:00",39626,0.791,2004-10-01,2006-09-30,2,2004-10-01,2006-09-30,2,2004-10-01,2006-09-30,2
"FR-0011","FR","SCHAPI","Source du Lison","U2615820","Le Lison [source] à Nans-sous-Sainte-Anne - Vasque",6.01119816792632,46.9651431783815,4017333.8200761,2658349.87730186,384.43,"spring_station",FALSE,NA,NA,FALSE,"?",NA,"site representing the discharge measurements from two distinct stations corresponding to different monitoring periods: old gauging station (closed in mid 2023), new station U261582002 (since mid 2023)","cave; resurgence","region of French Jura Mountains; binary karst catchment",TRUE,TRUE,137.991,155.929,"Jura",NA,"https://doi.org/10.1016/j.jhydrol.2021.127358; https://infoterre.brgm.fr/rapports/RP-63844-FR.pdf; https://infoterre.brgm.fr/rapports/RP-53903-FR.pdf; https://doi.org/10.5194/hess-29-3037-2025","FR-0034","Q299",NA,FALSE,TRUE,TRUE,TRUE,"good","1976-09-29","2024-01-01",16710,0.968,"1976-09-28 21:00:00","2024-01-01 23:00:00",399771,0.965,1976-10-01,2022-09-30,45,1976-10-01,2022-09-30,45,1976-10-01,2022-09-30,45
"FR-0012","FR","SCHAPI","Grotte Sarrazine","U261621001","Le Lison [La Sarrasine] à Nans-sous-Sainte-Anne",6.00848075308472,46.9656336474565,4017130.00515356,2658415.42453631,400,"spring_station",FALSE,NA,NA,FALSE,"?",NA,NA,"cave; overflow spring of Source du Lison after extreme precipitatione events (intermittent spring); additional names: Sarrasine","region of French Jura Mountains",TRUE,TRUE,137.991,35.984,"Jura",NA,NA,NA,NA,NA,FALSE,TRUE,TRUE,TRUE,"good","1976-09-30","1980-07-02",1300,0.948,"1976-09-29 20:00:00","1980-07-03 13:00:00",30687,0.931,1976-10-01,1979-09-30,3,1976-10-01,1979-09-30,3,1976-10-01,1979-09-30,3
"FR-0013","FR","SCHAPI","Source du Verneau","U261641001","[La source du Verneau] à Nans-sous-Sainte-Anne",6.0022872109681,46.9780486808016,4016730.83308961,2659818.22916578,366,"spring_station",FALSE,NA,NA,FALSE,"?",NA,NA,"cave","region of French Jura Mountains; collects rainfall on the Déservillers plateau around the village of Amancey in numerous gorges, such as the Gouffre de Jérusalem and the Gouffre de la Baume des Crètes; Verneau cave network is one of the biggest cave systems in France (> 30 km)",TRUE,TRUE,17.153,16.992,"Jura",NA,"https://hal.science/hal-03917442/;  https://www.researchgate.net/publication/367160992; https://www.researchgate.net/publication/370608104; https://theses.hal.science/tel-00654518/; https://www.documentation.eauetbiodiversite.fr/notice/etude-des-systemes-karstiques-du-lison-et-du-verneau-region-de-nans-sous-sainte-anne0; https://doi.org/10.5194/hess-29-3037-2025","FR-0077",NA,NA,FALSE,TRUE,TRUE,TRUE,"good","1969-02-21","2024-01-01",19852,0.991,"1970-12-31 23:00:00","2024-01-01 23:00:00",459190,0.988,1969-10-01,2023-09-30,54,1969-10-01,2023-09-30,54,1969-10-01,2023-09-30,54
"FR-0014","FR","SCHAPI","Sources de la Cuisance","U265503001","La Cuisance à Mesnay",5.80340069285607,46.890890270733,4001082.47477012,2650985.97861767,316.51,"stream_station",FALSE,NA,NA,TRUE,"?","map indicates water extraction canal from Petite Source de la Cuisance, no further information found",">2km from spring","several springs (3)","region of French Jura Mountains",FALSE,FALSE,NA,118.946,"Jura",NA,"https://infoterre.brgm.fr/rapports/RP-53903-FR.pdf",NA,NA,NA,FALSE,TRUE,TRUE,TRUE,"good","1980-06-12","2024-01-01",15854,0.997,"1980-06-11 17:00:00","2024-01-01 23:00:00",377411,0.988,1980-10-01,2023-09-30,43,1980-10-01,2023-09-30,43,1980-10-01,2023-09-30,43
"FR-0015","FR","SCHAPI","Source du Solnan","U343432001","Le Solnan à Verjon [Village]",5.34997404852493,46.3448583104959,3962907.28023285,2592502.51787812,217.746,"stream_station",FALSE,"U343432002",NA,FALSE,"?",NA,">1km from spring","vauclusian; in exceptional rainfall events, karst system feeds an overflow spring called ""Le Dauphin"", which can release a magnificent waterfall on the side of the cliff","region of French Jura Mountains; waters come from Val d'Epy (Jura)",FALSE,FALSE,NA,38.982,"Jura",NA,"https://www.ain.gouv.fr/index.php/contenu/telechargement/5455/62681/file/gri95428p_rapport_all_cle626854.pdf",NA,NA,NA,FALSE,TRUE,TRUE,TRUE,"good","1985-01-01","2024-01-01",13856,0.973,"1984-12-31 23:00:00","2024-01-01 23:00:00",332593,0.973,1985-10-01,2023-09-30,36,1985-10-01,2023-09-30,36,1985-10-01,2023-09-30,36
"FR-0016","FR","SCHAPI","Source du Solnan","U343432002","Le Solnan à Verjon [Village] - Source",5.35823894530914,46.342552551642,3963527.42943052,2592207.09720881,231,"spring_station",FALSE,NA,"U343432001",FALSE,"?",NA,"station elevation derived from COP-30 DEM","vauclusian; in exceptional rainfall events, karst system feeds an overflow spring called ""Le Dauphin"", which can release a waterfall on the side of the cliff","region of French Jura Mountains; waters come from Val d'Epy (Jura)",FALSE,FALSE,NA,33.984,"Jura",NA,"https://www.ain.gouv.fr/index.php/contenu/telechargement/5455/62681/file/gri95428p_rapport_all_cle626854.pdf",NA,NA,NA,FALSE,TRUE,TRUE,TRUE,"good","1967-04-30","1983-12-31",6052,0.994,"1967-04-29 23:00:00","1983-12-31 22:00:00",145279,0.994,1967-10-01,1983-09-30,16,1967-10-01,1983-09-30,16,1967-10-01,1983-09-30,16
"FR-0017","FR","SCHAPI","Source de la Reyssouze","U400000101","La Reyssouze [Source] à Journans",5.33075353502189,46.1430071810687,3960077.13184575,2570218.67150953,293,"spring_station",FALSE,NA,NA,FALSE,"?",NA,"station elevation derived from COP-30 DEM","vauclusian, permanent","region of French Jura Mountains; Jura limestone",FALSE,FALSE,NA,2.999,"Jura",NA,"https://www.bing.com/ck/a?!&&p=1e6186feb2567e689bc4b22a440ae8d6fe945d32ea278f1d5cad9385836a863dJmltdHM9MTc0MzcyNDgwMA&ptn=3&ver=2&hsh=4&fclid=145fd376-03f6-622f-04fb-c09202a56369&psq=source+de+la+reyssouze+Conseil+D%c3%a9partemental+de+l%27Ain&u=a1aHR0cHM6Ly9kb2Mtb2FpLmVhdXJtYy5mci9jaW5kb2NvYWkvZG93bmxvYWQvRE9DLzkzNTAvOS9BaW5fUXVhbnRpdGVfMTgxMi5wZGZfMzAxMktv&ntb=1",NA,NA,NA,FALSE,FALSE,TRUE,FALSE,"good","2013-01-01","2024-01-01",3866,0.962,NA,NA,NA,NA,2014-10-01,2023-09-30,9,2014-10-01,2023-09-30,9,2014-10-01,2023-09-30,9
"FR-0018","FR","SCHAPI","Source du Bonté","V123741401","Le ruisseau de Tami à Plancherine [Source du Bonté] - Source du Bonté",6.300997992635,45.6751968511684,4032521.61430016,2514118.83555224,1050,"spring_station",TRUE,NA,NA,FALSE,"?","drinking water extraction","spring capture","contact spring; additional names: Sources du Bontey","region of French Jura Mountains; calcareous tuff deposits",FALSE,FALSE,NA,0.4,"Helvetic","step pattern due to low discharges","https://www.cen-savoie.org/sites/default/files/transferts/publications/documents/PDGs_PLSB_Tufiere_Bontey-BD.pdf; https://www.savoie.fr/web/sw_52140/Ose73/Leseauxsouterraines",NA,NA,NA,FALSE,FALSE,TRUE,FALSE,"good","2017-06-13","2024-01-01",2126,0.888,NA,NA,NA,NA,2017-10-01,2023-09-30,5,2017-10-01,2023-09-30,5,2017-10-01,2023-09-30,5
"FR-0019","FR","SCHAPI","Source du Groin","V142501001","Le Groin à Artemare [Cerveyrieu]",5.68583149767723,45.8748431681953,3985831.85661228,2538830.17613717,243.31,"stream_station",FALSE,NA,NA,TRUE,"TRUE","winnowing movements can be observed due to the presence of the micro hydropower plant located a few kilometres upstream",">2 km from spring, rather small additional tributary >10 km","resurgence; most of the time no flow but can generate a significant flow; water joins the Arvière to form the Groin (river sometimes dries up in summer)","region of French Jura Mountains",FALSE,FALSE,NA,99.954,"Jura","the sensitivity at low water has slightly deteriorated since a slight modification of the hydraulic control in October 2016","https://doi.org/10.5194/hess-29-3037-2025","FR-0033","Q222",NA,FALSE,TRUE,TRUE,TRUE,"good","1961-01-01","2024-01-01",22835,0.992,"1980-12-31 23:00:00","2024-01-01 23:00:00",372804,0.989,1961-10-01,2023-09-30,61,1961-10-01,2023-09-30,61,1961-10-01,2023-09-30,61
"FR-0020","FR","SCHAPI","Fontaine-Noire","V150511001","[La résurgence de Fontaine-Noire] à Saint-Pierre-de-Chartreuse",5.85847047638433,45.3297617910224,3996013.02068761,2477645.33609874,1172,"spring_station",TRUE,NA,NA,FALSE,"?",NA,"spring capture","cave; additional names: Fontaine Noire; Source du Fontaine Noire","region of French Jura Mountains; one of the sources drainining the karsts of the limestone plateaus between the Dent de Crolles and the Col de Bellefond — Lances de Mallisard",FALSE,FALSE,NA,1.999,"Helvetic",NA,"https://www.persee.fr/doc/rga_0035-1121_1987_num_75_4_2687; https://www.persee.fr/doc/karst_0751-7688_1990_num_15_1_2230",NA,NA,NA,FALSE,FALSE,TRUE,FALSE,"good","1969-04-01","1974-04-21",1845,0.999,NA,NA,NA,NA,1969-10-01,1973-09-30,4,1969-10-01,1973-09-30,4,1969-10-01,1973-09-30,4
"FR-0021","FR","SCHAPI","Source Bleue (Dortan)","V244403201","[La Source Bleue] à Dortan",5.66250125336061,46.3100554583276,3986725.44659855,2587187.93025668,367,"spring_station",FALSE,NA,NA,FALSE,"?","hydropower plant, no influence","the water levels of the main outlet and the canal (hydroelectric power plant) are linked to the flows by two rating curves, the sum of these two flows gives the total flow of the spring; station elevation derived from COP-30 DEM",NA,"region of French Jura Mountains",FALSE,FALSE,NA,40.981,"Jura",NA,"https://www.persee.fr/doc/medit_0025-8296_1986_num_57_1_2377; https://side.developpement-durable.gouv.fr/BRET/doc/SYRACUSE/149653/station-limnigraphique-merdanson-source-bleue-commune-de-dortan-departement-de-l-ain-cycle-hydrologi?_lg=fr-FRhttps://www.bing.com/ck/a?!&&p=1e6186feb2567e689bc4b22a440ae8d6fe945d32ea278f1d5cad9385836a863dJmltdHM9MTc0MzcyNDgwMA&ptn=3&ver=2&hsh=4&fclid=145fd376-03f6-622f-04fb-c09202a56369&psq=source+de+la+reyssouze+Conseil+D%c3%a9partemental+de+l%27Ain&u=a1aHR0cHM6Ly9kb2Mtb2FpLmVhdXJtYy5mci9jaW5kb2NvYWkvZG93bmxvYWQvRE9DLzkzNTAvOS9BaW5fUXVhbnRpdGVfMTgxMi5wZGZfMzAxMktv&ntb=1; https://doi.org/10.5194/hess-29-3037-2025",NA,NA,NA,FALSE,FALSE,TRUE,FALSE,"good","2002-10-26","2024-01-01",7680,0.992,NA,NA,NA,NA,2002-10-01,2023-09-30,21,2002-10-01,2023-09-30,21,2002-10-01,2023-09-30,21
"FR-0022","FR","SCHAPI","Source d' Archiane","V422601001","Le ruisseau de l'Archiane à Treschenu-Creyers [Menée]",5.52753734048315,44.7173719009605,3966204.77271959,2411299.08384866,730,"stream_station",TRUE,"V422602001",NA,TRUE,"?",NA,">4 km from spring; small additional tributary >5km, probably most of the year dry","perennial, three caves function as overflow springs during exceptional rainfall events (Grottes des Tourniéres)","region of French Jura Mountains",FALSE,FALSE,NA,76.965,"Helvetic",NA,"https://infoterre.brgm.fr/rapports/RR-34392-FR.pdf; https://theses.hal.science/tel-00735153v1","FR-0019","Q48",NA,FALSE,TRUE,TRUE,TRUE,"good","1970-01-01","2003-11-29",12300,0.993,"1973-12-31 10:00:00","2003-11-30 22:00:00",260325,0.993,1970-10-01,2003-09-30,33,1970-10-01,2003-09-30,33,1970-10-01,2003-09-30,33
"FR-0023","FR","SCHAPI","Source d' Archiane","V422602001","Le Bès à Treschenu-Creyers [Archiane]",5.50758263917283,44.7424522157283,3964782.76979482,2414172.0619388,756,"stream_station",TRUE,NA,"V422601001",TRUE,"?",NA,"small tributary >5 km, probably most of the year dry","perennial, three caves function as overflow springs during exceptional rainfall events (Grottes des Tourniéres)","region of French Jura Mountains",FALSE,FALSE,NA,89.959,"Helvetic",NA,"https://infoterre.brgm.fr/rapports/RR-34392-FR.pdf; https://theses.hal.science/tel-00735153v1",NA,"Q48",NA,FALSE,TRUE,TRUE,TRUE,"good","2009-11-26","2024-01-01",5150,1,"2009-11-25 01:00:00","2024-01-01 23:00:00",123623,1,2009-10-01,2023-09-30,14,2009-10-01,2023-09-30,14,2009-10-01,2023-09-30,14
"FR-0024","FR","SCHAPI","Source de la Sorgue","V6155020","La Sorgue de Velleron [Résurgence] à Fontaine-de-Vaucluse - Moulin",5.13038246304131,43.9212899967812,3929310.49450583,2325135.87381749,110,"spring_station",FALSE,NA,NA,FALSE,"?",NA,"sorgometer station in the chasm is malfunctions at high water and has been out of order since March 2024, the station data has been complemented by data of the Moulin sill a few hundred meters downstream of the spring","cave; resurgence (largest karst spring in France); during high discharges several additional springs appear upstream of the station; additional names: Fontaine de Vaucluse","Alpine foreland; catchment area extends from the Monts du Vaucluse, the Ventoux to the summit of the Montagne de Lure, and includes the Haut Coulon basin",TRUE,TRUE,1161.893,2430.889,"European Foreland",NA,"https://doi.org/10.1007/BF01704088; https://doi.org/ff10.1007/s10040-019-01965-6; https://doi.org/10.1016/j.jhydrol.2007.07.014; https://doi.org/10.5194/hess-29-3037-2025; https://www.lasorgue.fr/la-sorgue/la-fontaine-de-vaucluse/la-source-de-la-sorgue-386.html","FR-0002/FR-0003","Q583","B21",FALSE,TRUE,TRUE,TRUE,"good","1966-01-02","2024-01-01",21184,1,"1966-01-01 01:00:00","2024-01-01 23:00:00",281658,0.554,1966-10-01,2023-09-30,57,1966-10-01,2023-09-30,57,1966-10-01,2023-09-30,57
"FR-0025","FR","SCHAPI","Source de Font Noire","W330541001","Le ruisseau de Font Noire à Villard-de-Lans",5.55717363267784,45.0777122362049,3970813.68827222,2451077.91430019,980,"stream_station",TRUE,NA,NA,TRUE,"?",NA,">2 km from spring","vauclusian; abandoned concrete spring capture; additional name: Source de la Dhuis","region of French Jura Mountains; entrance to cave system",FALSE,FALSE,NA,4.998,"Helvetic","flood on the 13 and 14 February 1990 due to strong precipitation on frozen soils and accelerated snow melt due to foehn",NA,NA,NA,NA,FALSE,TRUE,TRUE,TRUE,"good","1969-08-08","1988-03-24",6804,1,"1969-08-08 23:00:00","1988-03-25 10:00:00",162860,0.997,1969-10-01,1987-09-30,18,1969-10-01,1987-09-30,18,1969-10-01,1987-09-30,18
"FR-0026","FR","SCHAPI","Source de Saint-Pons","Y442501001","Le torrent du Fauge à Gémenos",5.6630143716777,43.2913154373445,3968295.68845281,2252774.97117164,350,"spring_station",FALSE,NA,NA,FALSE,"?",NA,NA,"additional names: Source de St Pons; Source des Irrigants","Alpine foreland; main outlet of western part of the Haute Chaine; karst spring from the Sainte Baume, a tributary of the Huveaune; highly damped hydrodynamic regime",FALSE,FALSE,NA,100.954,"Provence Platform",NA,"https://hal.science/hal-04396629/; https://www.persee.fr/doc/karst_0751-7688_1986_num_8_1_2133; https://www.persee.fr/doc/medit_0025-8296_1986_num_57_1_2374; https://hal.science/tel-02354362","FR-0081",NA,NA,FALSE,TRUE,TRUE,TRUE,"good","1997-10-30","2024-01-01",7818,0.818,"1997-11-01 11:00:00","2024-01-01 23:00:00",185902,0.81,1997-10-01,2023-09-30,19,1997-10-01,2023-09-30,19,1997-10-01,2023-09-30,19
"FR-0027","FR","SCHAPI","Source d'Argens","Y500202001","L'Argens [source] à Seillons-Source-d'Argens",5.90803926413869,43.5030798342845,3989401.24196876,2275095.72660825,266.82,"spring_station",TRUE,NA,NA,FALSE,"TRUE","drinking water extraction for city of Seillons (constant flow upstream of the station)","station is controlled by a threshold","relatively constant flow throughout the year; travertine precipitation","Alpine foreland; fed by watersheds of the eastern part of the Sainte Victoire and the Rians plateau; the hydraulic regime is of the uninfluenced Mediterranean pluvial type",FALSE,FALSE,NA,222.898,"Provence Platform",NA,"https://hal.science/hal-00443082/; https://www.persee.fr/doc/noroi_0029-182x_1966_num_51_1_1794; https://www.persee.fr/doc/karst_0751-7688_1984_num_3_1_2065; https://journals.openedition.org/physio-geo/1100; https://doi.org/10.5194/hess-29-3037-2025",NA,"Q569",NA,FALSE,TRUE,TRUE,TRUE,"good","1975-07-19","2024-01-01",17282,0.976,"1975-07-18 15:00:00","2024-01-01 23:00:00",413910,0.974,1975-10-01,2023-09-30,45,1975-10-01,2023-09-30,45,1975-10-01,2023-09-30,45
"FR-0028","FR","SCHAPI","Source du Caramy","Y510504001","Le Caramy (source) à Mazaugues",5.92405918341644,43.3455017241953,3989806.74811258,2257583.32762842,420,"spring_station",FALSE,NA,NA,FALSE,"?",NA,NA,"additional names: Sources du Caramy","Alpine foreland; located in the north-east of the Sainte Baume Massif; hydrological regime is of the rainfed type, short response time",FALSE,FALSE,NA,24.989,"Provence Platform",NA,"https://doi.org/10.4000/physio-geo.13620; https://doi.org/10.5194/hess-29-3037-2025","FR-0082",NA,NA,FALSE,TRUE,TRUE,TRUE,"good","1994-06-03","2023-12-11",10004,0.928,"1994-06-02 12:00:00","2023-12-12 12:00:00",240838,0.93,1994-10-01,2022-09-30,23,1994-10-01,2022-09-30,23,1994-10-01,2022-09-30,23
"FR-0029","FR","SCHAPI","Source des Frayères","Y523563001","La Nartuby d'Ampus [source] à Châteaudouble",6.42411710136323,43.5890550430616,4031611.18290843,2282479.23312174,300,"spring_station",TRUE,NA,NA,FALSE,"?","drinking water extraction for the town of Draguignan (provides 1/3 of the water supply)","capture of the Frayères spring; destroyed by the floods of 15 June 2010 and rebuild in 2017",NA,"Alpine foreland",FALSE,FALSE,NA,20.99,"Provence Platform","lower level from ~ 1997 on",NA,NA,NA,NA,FALSE,TRUE,TRUE,TRUE,"good","1990-08-31","2010-06-14",6932,0.959,"1994-12-31 23:00:00","2010-06-15 03:00:00",128455,0.948,1997-10-01,2009-09-30,10,1997-10-01,2009-09-30,10,1997-10-01,2009-09-30,10
"FR-0030","FR","SCHAPI","Source des Tuves","Y551601001","La Siagne [source] à Montauroux - Source des Tuves",6.79058014822522,43.6420498288806,4061483.14453612,2287007.6189223,165,"spring_station",TRUE,NA,NA,FALSE,"?",NA,"very small tributary of the Siagne on the right bank",NA,"Alpine foreland",FALSE,FALSE,NA,4.998,"Helvetic",NA,"https://doi.org/10.5194/hess-29-3037-2025",NA,NA,NA,FALSE,TRUE,TRUE,TRUE,"good","1997-11-20","2024-01-01",8932,0.936,"1997-11-19 11:00:00","2024-01-01 23:00:00",214735,0.938,1997-10-01,2023-09-30,24,1997-10-01,2023-09-30,24,1997-10-01,2023-09-30,24
"FR-0031","FR","SCHAPI","Source du Foulon","Y561506001","Le Loup à Gréolières [source du Foulon, surverse]",6.97326287010597,43.7861553927722,4076853.11698242,2302355.80386049,550,"spring_station",TRUE,NA,NA,FALSE,"?","drinking water extraction for Grasse (water is transported via the aqueduct ""Canal du Foulon"")","spring capture",NA,"Alpine foreland",FALSE,FALSE,NA,16.992,"Helvetic",NA,NA,NA,NA,NA,FALSE,TRUE,TRUE,TRUE,"good","1980-08-27","1990-12-08",3619,0.964,"1980-08-26 22:00:00","1990-12-09 22:00:00",86906,0.964,1980-10-01,1989-09-30,9,1980-10-01,1989-09-30,9,1980-10-01,1989-09-30,9
"FR-0032","FR","SCHAPI","Source de la Foux","Y651701001","Le ruisseau de Caïnéa [source] à Lucéram",7.35448136480112,43.8815221384721,4107939.83919122,2311758.84590079,600,"spring_station",TRUE,NA,NA,FALSE,NA,NA,"spring capture; overflow;  a concrete threshold with a triangular metal blade ensures the accuracy of measurements for small flow rates","additional names: Source du Caïnéa; Cainea","region of French Jura Mountains",FALSE,FALSE,NA,2.999,"Helvetic",NA,"https://www.researchgate.net/publication/362225147; https://doi.org/10.5194/hess-29-3037-2025",NA,NA,NA,FALSE,TRUE,TRUE,TRUE,"good","1994-09-29","2024-01-01",10401,0.973,"1994-09-28 17:00:00","2024-01-01 23:00:00",249181,0.971,1994-10-01,2023-09-30,27,1994-10-01,2023-09-30,27,1994-10-01,2023-09-30,27
"FR-0033","FR","SNO KARST","Source de Fourbanne","406","Fourbanne site",6.300519,47.3312859961317,4041301.93028313,2697840.72519197,260,"spring_station",FALSE,NA,NA,FALSE,"?",NA,"discharge calculated from rating curve according to Cholet (2017)","spring pool; additional names: Fourbanne spring","region of region of French Jura Mountains; autogenic and allogenic recharge; mainly recharged by stream water losses from the En-Versenne and la Vernoye sinkholes, located about 9 km NNE",TRUE,TRUE,34.472,89.959,"European Foreland",NA,"https://doi.org/10.1007/978-3-642-17435-3_1; https://theses.hal.science/tel-00011213; https://digitalcommons.usf.edu/cgi/viewcontent.cgi?article=1178&context=ijs; https://hal.science/tel-01617489v2/file/these_A_CHOLET_Cybele_2017.pdf; https://deims.org/6544abc3-1994-4ccd-9b85-95acbaf02712",NA,NA,NA,TRUE,FALSE,FALSE,TRUE,"good","2014-01-01","2023-11-27",2736,0.756,"2014-01-01 08:00:00","2023-11-27 11:00:00",65198,0.751,2019-10-01,2023-09-30,4,2019-10-01,2023-09-30,4,2019-10-01,2023-09-30,4
"FR-0034","FR","SNO KARST","Source du Grand Bief","407","Lods site",6.239739,47.0483169960402,4035167.70589968,2666670.05957282,370,"spring_station",FALSE,NA,NA,FALSE,"?",NA,"probe located beneath the bridge of RD67, downstream of the fish farm","additional names: Grand Bief spring","region of region of French Jura Mountains; dominant autogenic recharge",TRUE,TRUE,36.714,45.979,"Jura","original dataset consists of three different measurement setups at same location","https://doi.org/10.1007/978-3-642-17435-3_1;  https://deims.org/6544abc3-1994-4ccd-9b85-95acbaf02712",NA,NA,NA,TRUE,FALSE,FALSE,TRUE,"good","2013-10-01","2023-12-12",3389,0.91,"2013-10-01 09:00:00","2023-12-12 09:00:00",81294,0.91,2013-10-01,2023-09-30,8,2013-10-01,2023-09-30,8,2013-10-01,2023-09-30,8
"FR-0035","FR","SNO KARST","Source du Dahon","655","Epenoy site",6.357328,47.1277059960661,4044516.75373532,2675033.97094206,720,"spring_station",FALSE,NA,NA,FALSE,"?","drinking water extraction","spring capture; discharge calculated from water level data","small perennial spring; additional names: Dahon spring","region of region of French Jura Mountains; epikarstic",TRUE,TRUE,0.339,0.5,"Jura",NA,"https://doi.org/10.1007/978-3-642-17435-3_1; https://doi.org/10.1007/s10040-018-1859-2; https://hal.science/tel-01617489v2/file/these_A_CHOLET_Cybele_2017.pdf; https://deims.org/6544abc3-1994-4ccd-9b85-95acbaf02712",NA,NA,NA,TRUE,FALSE,FALSE,TRUE,"good","2013-12-31","2017-10-18",1239,0.893,"2013-12-31 23:00:00","2017-10-18 03:00:00",29636,0.891,2014-10-01,2016-09-30,2,2014-10-01,2016-09-30,2,2014-10-01,2016-09-30,2
"FR-0036","FR","SNO KARST","Source d'Arcier","830","Arcier site",6.12148342,47.2672521561112,4027419.14454998,2691427.19573024,275,"spring_station",FALSE,NA,"U251542001",FALSE,"?","drinking water extraction (2/3 of Arcier’s water is brought to the water treatment plant by a tunnel)","spring capture; captures Martinet spring discharge (largest spring); measurement station in cave; calculated from water level data","additional names: Arcier spring","region of region of French Jura Mountains",TRUE,TRUE,153.152,58.973,"European Foreland",NA,"https://doi.org/10.1016/j.jsg.2024.105154; https://presentations.copernicus.org/EGU2020/EGU2020-21532_presentation.pdf; https://www.researchgate.net/publication/373523573; https://doi.org/10.5194/hess-29-3037-2025; https://deims.org/6544abc3-1994-4ccd-9b85-95acbaf02712","FR-0057","Q49",NA,TRUE,FALSE,FALSE,TRUE,"good","2020-09-15","2023-09-15",1096,1,"2020-09-15 00:00:00","2023-09-15 00:00:00",26281,1,2020-10-01,2023-09-30,3,2020-10-01,2023-09-30,3,2020-10-01,2023-09-30,3
"FR-0037","FR","Savoie","Source de la Touvière","V125841501","Le ruisseau de Cherel à Jarsy [Source de la Touvière] - Source de la Touvière",6.19898647467014,45.6705625146503,4024548.58728685,2514005.47157991,1077,"spring_station",TRUE,NA,NA,FALSE,"?","drinking water extraction","spring capture; subterranean; overflow",NA,"region of French Jura Mountains; karst aquifer of the limestones from the heart of the Bauges karst massif; Tithonic limestones; calcareous tuff deposits",FALSE,FALSE,NA,0.7,"Helvetic",NA,"https://doc-oai.eaurmc.fr/cindocoai/download/DOC/9387/1/PG_JATO_2019_VF_.pdf_7351Ko; https://www.savoie.fr/web/sw_60967/Ose73/SuividesdebitsdelasourcedeTouviere",NA,NA,NA,FALSE,FALSE,TRUE,FALSE,"good","2014-10-29","2024-05-21",3017,0.864,NA,NA,NA,NA,2014-10-01,2023-09-30,7,2014-10-01,2023-09-30,7,2014-10-01,2023-09-30,7
"FR-0038","FR","Savoie","Source du Rigolet","V133001101","Grand canal de Chautagne à Chindrieux [Source du Rigolet] - Source du Rigolet",5.85639783043721,45.8067464785079,3998664.246713,2530527.63182563,280,"spring_station",TRUE,NA,NA,FALSE,"?",NA,"spring capture; overflow","reactive spring","region of French Jura Mountains; karst aquifer of the limestone of the Gros Foug-Chambotte mountain",FALSE,FALSE,NA,2.999,"Jura",NA,"https://www.savoie.fr/web/sw_60021/Ose73/SuividesdebitsdelasourceduRigolet",NA,NA,NA,FALSE,FALSE,TRUE,FALSE,"good","2009-04-01","2024-04-08",4779,0.871,NA,NA,NA,NA,2009-10-01,2023-09-30,10,2009-10-01,2023-09-30,10,2009-10-01,2023-09-30,10
"FR-0039","FR","Savoie","Source de la Plagne","V151501201","Le ruisseau de la Glière à Entremont-le-Vieux [Source de la Plagne] - Source de la Plagne",5.90397618320401,45.4429887334077,4000238.59034752,2489998.14335116,1073,"spring_station",TRUE,NA,NA,FALSE,"?",NA,NA,"discharge linked to winter snowfall","region of French Jura Mountains",FALSE,FALSE,NA,0.8,"Helvetic",NA,"https://www.savoie.fr/web/sw_52140/Ose73/Leseauxsouterraines",NA,NA,NA,FALSE,FALSE,TRUE,FALSE,"good","2009-04-07","2024-05-21",4703,0.851,NA,NA,NA,NA,2011-10-01,2023-09-30,9,2011-10-01,2023-09-30,9,2011-10-01,2023-09-30,9
"FR-0040","FR","Savoie","Source du Ruisseau","W111001301","Le ruisseau de la Crouza à Arbin [Source du Ruisseau] - Source du Ruisseau",6.06883666715295,45.5122748433864,4013522.3075558,2496983.87592383,330,"spring_station",TRUE,NA,NA,FALSE,"?",NA,"spring capture, subterranean; overflow",NA,"region of French Jura Mountains; karst aquifer of the eastern limestone of the Bauges (Combe de Savoie slope)",FALSE,FALSE,NA,0.9,"Helvetic",NA,"https://www.savoie.fr/web/sw_60113/Ose73/SuividesdebitsdelasourceduRuisseau",NA,NA,NA,FALSE,FALSE,TRUE,FALSE,"good","2013-02-01","2024-04-02",3718,0.912,NA,NA,NA,NA,2013-10-01,2023-09-30,7,2013-10-01,2023-09-30,7,2013-10-01,2023-09-30,7
"IT-0001","IT","ARPAV","Nassa-Rea","IT1","Rea - Nassa",11.708189,45.8035119956141,4453954.94003053,2522722.81995499,130,"spring_station",TRUE,NA,NA,FALSE,"FALSE",NA,"pressure sensor; coordinates slightly modified (security, EU directive 2020/2184)",NA,"Jurassic and late Triassic limestone and dolostone; Asiago Plateau, part of the ""Venetian Prealps ridge""",TRUE,TRUE,11.87,11.995,"Southern Alpine","a reasonability limit of 3798 L/s was applied (higher values were removed, which may bias the data by underrepresenting high flows, however, the influence was assumed to be low (<1% of data))","https://www.arpa.veneto.it/temi-ambientali/acque-interne/acque-interne/sorgenti/nassa_relazione05_04_23.pdf/@@download/file",NA,NA,NA,FALSE,TRUE,FALSE,TRUE,"good","2021-10-27","2024-10-21",1085,0.995,"2021-10-27 11:00:00","2024-10-21 15:00:00",25925,0.991,2021-10-01,2024-09-30,3,2021-10-01,2024-09-30,3,NA,NA,NA
"IT-0002","IT","ARPAV","Laron","IT2","Laron",12.350642,46.020344995691,4503214.49633734,2548145.76965964,520,"spring_station",TRUE,NA,NA,FALSE,"FALSE","drinking water extraction via aqueduct","pressure sensor; coordinates slightly modified (security, EU directive 2020/2184)",NA,"Tertiary molassic sequence; calcareous grainstone located at the footwall of a major thrust beneath Cretaceous limestone (west side of the karstic Cansiglio Plateau)",FALSE,FALSE,NA,0.3,"Southern Alpine","slight step pattern","https://www.arpa.veneto.it/temi-ambientali/acque-interne/acque-interne/acque-sotterranee/relazione_laron_15_07_22.pdf/@@download/file",NA,NA,NA,FALSE,TRUE,FALSE,TRUE,"good","2018-08-27","2021-09-09",1044,0.941,"2018-08-27 11:00:00","2021-09-09 10:00:00",25000,0.939,2018-10-01,2021-09-30,3,2018-10-01,2021-09-30,3,NA,NA,NA
"IT-0003","IT","ARPAV","San Lucano","IT3","San Lucano - Livinal dell'Acqua",11.964171,46.2859639957837,4472517.20628297,2576758.76140304,860,"spring_station",TRUE,NA,NA,FALSE,"FALSE",NA,"pressure sensor; coordinates slightly modified (security, EU directive 2020/2184)","additional names: San Lucano - La Scafa","mid Triassic dolomite; hydrogeologic watershed up to 2800 m asl in the Dolomites",TRUE,TRUE,4.017,1.999,"Southern Alpine","a reasonability limit of 472 L/s was applied (higher values were removed, which may bias the data by underrepresenting high flows, however, the influence was assumed to be low (<0.5% of data)); slight step pattern","https://www.arpa.veneto.it/temi-ambientali/acque-interne/acque-interne/sorgenti/sorgenteslucano_siccita.pdf/@@download/file, https://doi.org/10.1007/s00767-019-00438-7",NA,NA,NA,FALSE,TRUE,FALSE,TRUE,"good","2018-04-03","2024-12-31",2464,1,"2018-04-03 12:00:00","2024-12-31 23:00:00",58942,0.997,2018-10-01,2024-09-30,6,2018-10-01,2024-09-30,6,NA,NA,NA
"IT-0004","IT","ARPAV","Angheraz","IT4","Fontane Angheraz",11.921792,46.283964995783,4469254.42466753,2576451.43384078,1000,"spring_station",TRUE,NA,NA,FALSE,"FALSE",NA,"pressure sensor; coordinates slightly modified (security, EU directive 2020/2184)","cave","mid Triassic dolomite; spring emerges from glacial till at the base of karstic plateau (Pale di San Martino Plateau)",TRUE,TRUE,15.474,7.996,"Southern Alpine","last few data points (26-31 October 2018) were influenced by surface water during flood during storm ""Vaia"" and were removed; slight step pattern","https://doi.org/10.1007/s00767-019-00438-7; https://doi.org/10.1016/j.jhydrol.2023.130067",NA,NA,NA,FALSE,TRUE,FALSE,TRUE,"good","2015-07-19","2018-10-27",1197,1,"2015-07-19 13:00:00","2018-10-29 18:00:00",28758,1,2015-10-01,2018-09-30,3,2015-10-01,2018-09-30,3,NA,NA,NA
"LI-0001","LI","AU","Köpf","LIE1","Quellfassungen Köpf, Balzers",9.52061487568392,47.0686089560304,4284556.54690357,2661792.20756243,749,"spring_station",TRUE,NA,NA,FALSE,"FALSE","drinking water extraction for the municipality of Balzers","spring capture; two stations in close vicinity; station elevation derived from COP-30 DEM",NA,"Penninic Malm (limestones) and Flysch units; karst influence but most groundwater circulation in fractures",TRUE,TRUE,1.002,0.1,"Penninic","summed discharge of two springs","https://www.llv.li/serviceportal2/amtsstellen/amt-fuer-umwelt/umweltschutz/wasser/2018-09-03-grundwasserbericht-liechtenstein-2018.pdf; https://www.llv.li/serviceportal2/amtsstellen/amt-fuer-umwelt/umweltschutz/wasser/schutzzonen/6246-uebersicht-situation_0202502.pdf",NA,NA,NA,FALSE,FALSE,TRUE,FALSE,"good","2008-01-01","2024-12-31",6205,0.999,NA,NA,NA,NA,2008-10-01,2024-09-30,13,2008-10-01,2024-09-30,13,2008-10-01,2024-09-30,13
"LI-0002","LI","AU","Balischguad","LIE2","Quellfassungen Balischguad, Triesenberg",9.54585753516768,47.1248094520868,4286512.49015881,2668022.8603344,1095,"spring_station",TRUE,NA,NA,FALSE,"FALSE","drinking water extraction for the municipality of Triesenberg","spring capture; two stations in close vicinity; station elevation derived from COP-30 DEM",NA,"influence of unconsolidated sediments",TRUE,TRUE,0.218,0.2,"Eastern Alpine","summed discharge of two springs","https://www.llv.li/serviceportal2/amtsstellen/amt-fuer-umwelt/umweltschutz/wasser/2018-09-03-grundwasserbericht-liechtenstein-2018.pdf; https://www.llv.li/serviceportal2/amtsstellen/amt-fuer-umwelt/umweltschutz/wasser/schutzzonen/6246-uebersicht-situation_0202502.pdf",NA,NA,NA,FALSE,FALSE,TRUE,FALSE,"good","2014-01-01","2024-12-31",4018,1,NA,NA,NA,NA,2014-10-01,2024-09-30,10,2014-10-01,2024-09-30,10,2014-10-01,2024-09-30,10
"LI-0003","LI","AU","Schneeflucht","LIE3","Quellfassungen Schneeflucht, Malbun",9.59840897928867,47.1097102508401,4290494.40044232,2666322.58966406,1466,"spring_station",TRUE,NA,NA,FALSE,"FALSE","drinking water extraction for the municipality of Vaduz","spring capture; six stations in close vicinity; station elevation derived from COP-30 DEM; additional names: Schneefluchtquellen",NA,"influence of unconsolidated sediments",TRUE,TRUE,0.154,1,"Eastern Alpine","summed discharge of six springs","https://www.llv.li/serviceportal2/amtsstellen/amt-fuer-umwelt/umweltschutz/wasser/2018-09-03-grundwasserbericht-liechtenstein-2018.pdf; https://www.llv.li/serviceportal2/amtsstellen/amt-fuer-umwelt/umweltschutz/wasser/schutzzonen/6246-uebersicht-situation_0202502.pdf",NA,NA,NA,FALSE,FALSE,TRUE,FALSE,"good","2006-01-01","2024-12-31",6907,0.995,NA,NA,NA,NA,2006-10-01,2024-09-30,18,2006-10-01,2024-09-30,18,2006-10-01,2024-09-30,18
"SI-0001","SI","ARSO","Sava Dolinka","3010","Podkoren",13.7531090304801,46.4910825950441,4609308.33297386,2604817.44753912,833.61,"stream_station",TRUE,NA,"3014; 3015",FALSE,"FALSE",NA,NA,NA,"Alpine region; Julian Alps; its actual source lies further south, above the Planica Valley, where the Nadiza waterfall, known as Izvir Nadiža (captured for drinking water), emerges from the rock at an altitude of 1222 meters, only to sink away again shortly afterward; above Podkoren, the water resurfaces in the Zelenci spring lake at approximately 840 meters above sea level",TRUE,FALSE,25.539,25.988,"Southern Alpine","step pattern",NA,NA,NA,NA,FALSE,FALSE,TRUE,FALSE,"good","1958-04-25","1991-12-31",12304,1,NA,NA,NA,NA,1958-10-01,1991-09-30,33,1958-10-01,1991-09-30,33,1958-10-01,1991-09-30,33
"SI-0002","SI","ARSO","Sava Dolinka","3014","Kranjska Gora I",13.785426754606,46.4892687506272,4611798.36744676,2604742.20894008,793.94,"stream_station",TRUE,"3010","3015",TRUE,"FALSE",NA,"> 3 km from station",NA,"Alpine region; Julian Alps; its actual source lies further south, above the Planica Valley, where the Nadiza waterfall, known as Izvir Nadiža (captured for drinking water), emerges from the rock at an altitude of 1222 meters, only to sink away again shortly afterward; above Podkoren, the water resurfaces in the Zelenci spring lake at approximately 840 meters above sea level",TRUE,FALSE,25.539,41.981,"Southern Alpine",NA,NA,NA,NA,NA,FALSE,TRUE,TRUE,TRUE,"good","2015-01-01","2022-12-31",2922,1,"2015-01-01 00:00:00","2022-12-31 23:00:00",70128,1,2015-10-01,2022-09-30,7,2015-10-01,2022-09-30,7,2015-10-01,2018-09-30,3
"SI-0003","SI","ARSO","Sava Dolinka","3015","Kranjska Gora",13.7913287172501,46.4887481705044,4612254.149562,2604707.58344194,790.53,"stream_station",TRUE,"3010; 3014",NA,TRUE,"FALSE",NA,"> 3 km from station",NA,"Alpine region; Julian Alps; its actual source lies further south, above the Planica Valley, where the Nadiza waterfall, known as Izvir Nadiža (captured for drinking water), emerges from the rock at an altitude of 1222 meters, only to sink away again shortly afterward; above Podkoren, the water resurfaces in the Zelenci spring lake at approximately 840 meters above sea level",TRUE,FALSE,25.539,40.981,"Southern Alpine","step pattern",NA,NA,NA,NA,FALSE,FALSE,TRUE,FALSE,"good","1991-01-01","2014-12-31",8766,1,NA,NA,NA,NA,1991-10-01,2014-09-30,23,1991-10-01,2014-09-30,23,1991-10-01,2014-09-30,23
"SI-0004","SI","ARSO","Završnica","3115","Pri Žagi",14.1922735759094,46.4112338100642,4643486.96780737,2597766.1395257,887.88,"stream_station",TRUE,NA,NA,TRUE,"TRUE","water supply for town of Jesenice and others (10,000 inhabitants), extraction rate between 70 and 80 l/s (ARSO)","> 1 km from station; downstream of water extraction; tributaries from adjacent slopes",NA,"Alpine region; Karavanke; the aquifer is composed of stratified limestone with lateral gadiation to massive dolomite of Triassic age; catchment probably overestimated, based on water balance only 7.46 km², recharge area up to elevations of 1800 m based on isotope analysis (ARSO)",TRUE,FALSE,7.465,15.993,"Southern Alpine","step pattern","https://doi.org/10.1016/j.chemgeo.2012.01.012; https://meteo.arso.gov.si/uploads/probase/www/hidro/watercycle/text/sl/observation_sites/springs/Zavrsnica.pdf",NA,NA,NA,FALSE,TRUE,TRUE,TRUE,"good","2011-01-01","2022-12-31",3934,0.898,"2011-01-01 01:00:00","2022-12-31 23:00:00",94422,0.898,2014-10-01,2022-09-30,8,2014-10-01,2022-09-30,8,2014-10-01,2018-09-30,4
"SI-0005","SI","ARSO","Savica","3258","Ukanc I",13.8265157175281,46.2813683222552,4616095.05418896,2581843.15972736,528.83,"stream_station",TRUE,NA,"3260",TRUE,"TRUE","water extraction for hydropower (since 1949) upstream with reinjection also upstream of the station","> 2 km from station; station occasionally falls dry","two springs: Mala Savica, Velika Savica","Alpine region; Julian Alps; estimates of catchment area altitude between 1400 m and 2000 m a.s.l., with the highest altitude of over 2800 m a.s.l.",TRUE,FALSE,43.174,143.934,"Southern Alpine",NA,"https://doi.org/10.1007/s12665-016-5479-7; https://meteo.arso.gov.si/uploads/probase/www/hidro/watercycle/text/sl/observation_sites/springs/Savica.pdf; Brancelj & Urbanc; 2000",NA,"Q478",NA,FALSE,TRUE,TRUE,TRUE,"good","1954-01-01","2015-12-31",15587,0.688,"2005-01-01 00:00:00","2015-12-31 23:00:00",95373,0.989,1954-10-01,2015-09-30,40,1954-10-01,2015-09-30,40,1954-10-01,2015-09-30,40
"SI-0006","SI","ARSO","Savica","3260","Ukanc",13.8295621480244,46.2809658285376,4616331.96555663,2581810.61530217,527.43,"stream_station",TRUE,"3258",NA,TRUE,"TRUE","water extraction for hydropower (since 1949) upstream with reinjection also upstream of the station","> 2 km from station; station occasionally falls dry","two springs: Mala Savica, Velika Savica","Alpine region; Julian Alps; estimates of catchment area altitude between 1400 m and 2000 m a.s.l., with the highest altitude of over 2800 m a.s.l.",TRUE,FALSE,43.174,125.942,"Southern Alpine",NA,"https://doi.org/10.1007/s12665-016-5479-7",NA,"Q478",NA,FALSE,TRUE,TRUE,TRUE,"good","2016-01-01","2022-12-31",2557,1,"2016-01-01 00:00:00","2022-12-31 23:00:00",61316,0.999,2016-10-01,2022-09-30,6,2016-10-01,2022-09-30,6,2016-10-01,2018-09-30,2
"SI-0007","SI","ARSO","Bohinjska Bistrica","3320","Bohinjska Bistrica",13.9500578960463,46.2735882642759,4625656.46590337,2581478.63347402,504.45,"stream_station",TRUE,NA,NA,TRUE,"TRUE","seasonal water supply for Bohinj area","> 2 km from station; downstream of water extraction",NA,"Alpine region; Julian Alps;  up to 1200 m thick layers of highly permeable shrubby and layered Dachstein limestone with layers and interbeds of dolomite",TRUE,FALSE,35.155,91.958,"Southern Alpine",NA,"https://meteo.arso.gov.si/uploads/probase/www/hidro/watercycle/text/sl/observation_sites/springs/Bohinjska%20Bistrica.pdf",NA,NA,NA,FALSE,TRUE,TRUE,TRUE,"good","1968-06-21","2022-12-31",19917,1,"2005-04-27 00:00:00","2022-12-31 23:00:00",152020,0.981,1968-10-01,2022-09-30,54,1968-10-01,2022-09-30,54,1968-10-01,2018-09-30,50
"SI-0008","SI","ARSO","Mošenik","4095","Lajb",14.2704585581687,46.4136458859614,4649478.97008688,2598376.1454893,745.45,"stream_station",TRUE,NA,NA,TRUE,"FALSE",NA,"> 1 km from station; tributaries from adjacent slopes",NA,"Alpine region; Karavanke; the aquifer is composed of stratified limestone with lateral gadiation to massive dolomite of Triassic age",FALSE,FALSE,NA,51.976,"Southern Alpine",NA,"https://doi.org/10.1016/j.chemgeo.2012.01.012",NA,NA,NA,FALSE,TRUE,TRUE,TRUE,"good","2012-01-01","2021-12-31",3633,0.995,"2012-01-01 00:00:00","2021-12-31 23:00:00",87203,0.995,2012-10-01,2021-09-30,9,2012-10-01,2021-09-30,9,2012-10-01,2018-09-30,6
"SI-0009","SI","ARSO","Pšata","4553","Pšata",14.5056435416909,46.2608482688481,4668533.28772788,2582503.13932951,416,"spring_station",FALSE,NA,NA,FALSE,"FALSE",NA,"station elevation derived from COP-30 DEM","small spring, but contributes to important river (Kamniska Bistrica)","Alpine region; Kamnik–Savinja Alps; limestones, dolomitised limestones and dolomites",TRUE,FALSE,5.291,12.994,"Southern Alpine","step pattern","https://meteo.arso.gov.si/uploads/probase/www/hidro/watercycle/text/sl/observation_sites/springs/Psata.pdf",NA,NA,NA,FALSE,FALSE,TRUE,FALSE,"good","2001-01-01","2010-12-31",3652,1,NA,NA,NA,NA,2001-10-01,2010-09-30,9,2001-10-01,2010-09-30,9,2001-10-01,2010-09-30,9
"SI-0010","SI","ARSO","Belica","4900","Papeži",14.7032744785739,45.5662630000028,4688423.43747281,2506463.97568952,350,"stream_station",FALSE,NA,NA,FALSE,"?",NA,NA,NA,"Dinaric Karst",FALSE,FALSE,NA,38.982,"Dinarides",NA,NA,NA,NA,NA,FALSE,FALSE,TRUE,FALSE,"good","1955-01-01","1983-12-31",6209,0.586,NA,NA,NA,NA,1955-10-01,1983-09-30,14,1955-10-01,1983-09-30,14,1955-10-01,1983-09-30,14
"SI-0011","SI","ARSO","Rinža Obrh","4910","Slovenska vas",14.8262141559508,45.6653159964639,4697331.58461339,2518053.67350855,467,"stream_station",FALSE,NA,NA,FALSE,"TRUE","drinking water extraction for Koc<U+030C>evja","downstream of water extraction (spring capture); station elevation derived from COP-30 DEM",NA,"Dinaric Karst; connection to Gotenica (tracer)",TRUE,FALSE,46.237,15.993,"Dinarides",NA,"https://meteo.arso.gov.si/uploads/probase/www/hidro/watercycle/text/sl/observation_sites/springs/Rinza.pdf",NA,NA,NA,FALSE,FALSE,TRUE,FALSE,"good","1956-06-18","1963-12-31",2753,1,NA,NA,NA,NA,1956-10-01,1963-09-30,7,1956-10-01,1963-09-30,7,1956-10-01,1963-09-30,7
"SI-0012","SI","ARSO","Bilpa","4965","Spodnja Bilpa",14.9621298998005,45.5127731211975,4708989.88831496,2501849.35539682,196,"spring_station",FALSE,NA,NA,FALSE,"FALSE",NA,NA,"cave","Dinaric Karst; binary catchment (contribution of Rinža sinking river, during floods water from Ribnica and Rakitnice overflows to Rinža); fast connection to landfill Mozelj proven by tracer tests",TRUE,FALSE,61.265,115.947,"Dinarides",NA,"https://doi.org/10.3986/ac.v39i2.101; https://meteo.arso.gov.si/uploads/probase/www/hidro/watercycle/text/sl/observation_sites/springs/Bilpa.pdf; https://doi.org/10.1007/s12665-012-2180-3",NA,NA,NA,FALSE,TRUE,TRUE,TRUE,"good","2005-09-29","2022-12-31",5624,0.892,"2005-09-28 13:00:00","2022-12-31 23:00:00",135038,0.893,2006-10-01,2022-09-30,13,2006-10-01,2022-09-30,13,2006-10-01,2018-09-30,9
"SI-0013","SI","ARSO","Krupa","4985","Dolenjce I",15.2266147361524,45.6318332921253,4728746.52724339,2516451.40077583,152,"stream_station",FALSE,"4986","4990",FALSE,"FALSE",NA,"station elevation derived from COP-30 DEM","springs at foot of a rock face","Dinaric Karst; only outflow of Krupa aquifer system",TRUE,FALSE,94.002,203.907,"Dinarides",NA,"https://meteo.arso.gov.si/uploads/probase/www/hidro/watercycle/text/sl/observation_sites/springs/Krupa.pdf",NA,NA,NA,FALSE,TRUE,TRUE,TRUE,"good","2004-07-31","2012-04-05",2775,0.989,"2004-07-30 13:00:00","2012-04-05 21:00:00",66667,0.99,2004-10-01,2011-09-30,7,2004-10-01,2011-09-30,7,2004-10-01,2011-09-30,7
"SI-0014","SI","ARSO","Krupa","4986","Dolenjce II",15.2261059444987,45.632437915477,4728702.40800788,2516515.59306276,134.33,"stream_station",FALSE,NA,"4985; 4990",FALSE,"FALSE",NA,NA,"springs at foot of a rock face","Dinaric Karst; only outflow of Krupa aquifer system",TRUE,FALSE,94.002,215.901,"Dinarides",NA,"https://meteo.arso.gov.si/uploads/probase/www/hidro/watercycle/text/sl/observation_sites/springs/Krupa.pdf",NA,NA,NA,FALSE,TRUE,TRUE,TRUE,"good","2014-08-31","2022-12-31",3041,0.999,"2014-08-31 08:00:00","2022-12-31 23:00:00",72905,0.998,2014-10-01,2022-09-30,8,2014-10-01,2022-09-30,8,2014-10-01,2018-09-30,4
"SI-0015","SI","ARSO","Krupa","4990","Dolenjce",15.2371013433291,45.6246131824313,4729616.94595844,2515709.0604219,153,"stream_station",FALSE,"4986; 4985",NA,FALSE,"FALSE",NA,"> 2 km from station; station elevation derived from COP-30 DEM","springs at foot of a rock face","Dinaric Karst; only outflow of Krupa aquifer system",TRUE,FALSE,94.002,210.904,"Dinarides",NA,"https://meteo.arso.gov.si/uploads/probase/www/hidro/watercycle/text/sl/observation_sites/springs/Krupa.pdf",NA,NA,NA,FALSE,FALSE,TRUE,FALSE,"good","1956-06-14","1979-12-31",7638,0.888,NA,NA,NA,NA,1956-10-01,1979-09-30,20,1956-10-01,1979-09-30,20,1956-10-01,1979-09-30,20
"SI-0016","SI","ARSO","Ljubljanica","5030","Vrhnika",14.300117023997,45.9662108060085,4654516.25509383,2548896.24956445,285.93,"stream_station",FALSE,"5190; 5130; 5150; 5170; 5160; 5880; 5860; 5870; 5910; 5790; 5580; 5620; 5610; 5600; 5700; 5720; 5730; 5740; 5750",NA,TRUE,"FALSE",NA,"> 1 km from station; downstream of Mala Ljubljanica spring, Velika Ljubljanica spring and Bela surface stream","several springs at Vrhnika","Dinaric Karst;  autogenic recharge from high Dinaric plateaus (Snežnik, Javorniki, Menišija); numerous sinking streams on higher lying Poljes (Loško Polje: Obrh sinking stream, Cerknica Polje: Stržen sinking stream, Rakov Škocjan depression: Rak sinking stream, Planina Polje: Unica; Pivka river basin: Pivka sinking stream, Bloke plateau: Blošcica sinking stream, Logatec Polje: Logašcica sinking stream); Bela surface stream drains partly karstified dolomite",TRUE,FALSE,1122.696,875.6,"Dinarides",NA,"https://doi.org/10.1007/978-3-030-48336-4_2; https://doi.org/10.1201/b21380",NA,"Q301","B38",FALSE,TRUE,TRUE,TRUE,"good","1926-01-01","2022-12-31",35299,0.996,"1998-01-01 00:00:00","2022-12-31 23:00:00",206912,0.944,1950-10-01,2022-09-30,71,1951-10-01,2022-09-30,70,1950-10-01,2018-09-30,67
"SI-0017","SI","ARSO","Velika Ljubljanica","5130","Mirke I",14.2993888894354,45.953855677897,4654535.81911932,2547523.2341051,284.66,"spring_station",FALSE,"5880; 5860; 5870; 5910; 5790; 5580; 5620; 5610; 5600; 5700; 5720; 5730; 5740; 5750","5030",FALSE,"FALSE",NA,NA,"several springs (Malo Okence, Veliko Okence, Izvir pri Koeftu, Izvir pod Orehom)","Dinaric Karst; part of the Ljubljanica springs",FALSE,FALSE,NA,582.734,"Dinarides",NA,"https://doi.org/10.1007/978-3-030-48336-4_2; https://doi.org/10.1201/b21380",NA,NA,NA,FALSE,FALSE,TRUE,FALSE,"good","1949-01-01","1981-12-31",12053,1,NA,NA,NA,NA,1950-10-01,1981-09-30,31,1951-10-01,1981-09-30,30,1950-10-01,1981-09-30,31
"SI-0018","SI","ARSO","Mala Ljubljanica","5150","Mirke",14.2968824568655,45.958249260151,4654314.62597613,2547999.09798431,286.48,"spring_station",FALSE,"5170; 5160; 5190; 5880; 5860; 5870; 5910; 5790; 5580; 5620; 5610; 5600; 5700; 5720; 5730; 5740; 5750","5030",FALSE,"FALSE",NA,"downstream of Veliki Mocilnik and Mali Mocilnik",NA,"Dinaric Karst; part of the Ljubljanica springs",FALSE,FALSE,NA,280.872,"Dinarides",NA,"https://doi.org/10.1007/978-3-030-48336-4_2; https://doi.org/10.1201/b21380",NA,NA,NA,FALSE,FALSE,TRUE,FALSE,"good","1949-01-01","1981-12-31",12031,0.998,NA,NA,NA,NA,1950-10-01,1981-09-30,31,1951-10-01,1981-09-30,30,1950-10-01,1981-09-30,31
"SI-0019","SI","ARSO","Veliki Mocilnik","5160","Vrhnika",14.2929188127611,45.9554355431018,4654024.82438348,2547669.40900594,286.84,"spring_station",FALSE,"5880; 5860; 5870; 5910; 5790; 5580; 5620; 5610; 5600; 5700; 5720; 5730; 5740; 5750","5150; 5030",FALSE,"FALSE",NA,NA,"fractured spring","Dinaric Karst; part of the Ljubljanica springs",FALSE,FALSE,NA,202.907,"Dinarides",NA,"https://doi.org/10.1007/978-3-030-48336-4_2; https://doi.org/10.1201/b21380",NA,NA,NA,FALSE,FALSE,TRUE,FALSE,"good","1973-01-01","1975-12-31",1095,1,NA,NA,NA,NA,1973-10-01,1975-09-30,2,1973-10-01,1975-09-30,2,1973-10-01,1975-09-30,2
"SI-0020","SI","ARSO","Mali Mocilnik","5170","Vrhnika",14.2914747154727,45.9574061442464,4653900.84625616,2547881.41896172,288.96,"spring_station",FALSE,"5880; 5860; 5870; 5910; 5790; 5580; 5620; 5610; 5600; 5700; 5720; 5730; 5740; 5750","5150; 5030",FALSE,"FALSE",NA,NA,"limnocrene","Dinaric Karst; part of the Ljubljanica springs",FALSE,FALSE,NA,58.973,"Dinarides",NA,"https://doi.org/10.1007/978-3-030-48336-4_2; https://doi.org/10.1201/b21380",NA,NA,NA,FALSE,FALSE,TRUE,FALSE,"good","1973-01-01","1975-12-31",1095,1,NA,NA,NA,NA,1973-10-01,1975-09-30,2,1973-10-01,1975-09-30,2,1973-10-01,1975-09-30,2
"SI-0021","SI","ARSO","Hribšcica","5190","Vrhnika",14.2918262739194,45.9601976427347,4653910.94975438,2548192.47262564,289.63,"stream_station",FALSE,NA,"5150; 5030",FALSE,"FALSE",NA,NA,"additional names: Kozuhovi izviri","Dinaric Karst; part of the Ljubljanica springs",FALSE,FALSE,NA,38.982,"Dinarides",NA,NA,NA,NA,NA,FALSE,FALSE,TRUE,FALSE,"good","1956-01-01","1972-12-31",2557,0.412,NA,NA,NA,NA,1956-10-01,1962-09-30,4,1956-10-01,1962-09-30,4,1956-10-01,1962-09-30,4
"SI-0022","SI","ARSO","Ljubija","5240","Verd I",14.3086296359874,45.957357973902,4655230.20011883,2547952.97481161,286.28,"spring_station",FALSE,"5880; 5860; 5870; 5910; 5790; 5580; 5620; 5610; 5600; 5700; 5720; 5730; 5740; 5750","5250",FALSE,"FALSE",NA,NA,"several springs (Gradarjevo Vrenzo, Smukov Brezen, Na Potoku)","Dinaric Karst; part of the Ljubljanica springs",FALSE,FALSE,NA,266.878,"Dinarides",NA,"https://doi.org/10.1007/978-3-030-48336-4_2; https://doi.org/10.1201/b21380",NA,NA,NA,FALSE,TRUE,TRUE,TRUE,"good","1960-01-01","2022-12-31",22646,0.984,"2005-01-01 00:00:00","2022-12-31 23:00:00",148416,0.941,1960-10-01,2022-09-30,60,1960-10-01,2022-09-30,60,1960-10-01,2018-09-30,56
"SI-0023","SI","ARSO","Ljubija","5250","Verd",14.3091487222299,45.95742408942,4655270.008003,2547962.63622205,287.46,"spring_station",FALSE,"5240; 5880; 5860; 5870; 5910; 5790; 5580; 5620; 5610; 5600; 5700; 5720; 5730; 5740; 5750",NA,FALSE,"FALSE",NA,NA,"several springs (Gradarjevo Vrenzo, Smukov Brezen, Na Potoku)","Dinaric Karst; part of the Ljubljanica springs",FALSE,FALSE,NA,288.868,"Dinarides",NA,"https://doi.org/10.1007/978-3-030-48336-4_2; https://doi.org/10.1201/b21380",NA,NA,NA,FALSE,FALSE,TRUE,FALSE,"good","1952-01-01","1959-12-31",2922,1,NA,NA,NA,NA,1952-10-01,1959-09-30,7,1952-10-01,1959-09-30,7,1952-10-01,1959-09-30,7
"SI-0024","SI","ARSO","Bistra","5270","Bistra I",14.3391857957724,45.949812715275,4657644.27216141,2547254.21861504,286.63,"stream_station",FALSE,"5880; 5860; 5870; 5910; 5790; 5580; 5620; 5610; 5600; 5700; 5720; 5730; 5740; 5750",NA,FALSE,"FALSE",NA,NA,"several springs (Grajski izviri, Zupanovi izviri, Galetovi izviri, Pasji Studenec, Ribcev izvir)","Dinaric Karst; part of the Ljubljanica springs",FALSE,FALSE,NA,306.86,"Dinarides",NA,"https://doi.org/10.1007/978-3-030-48336-4_2; https://doi.org/10.1201/b21380",NA,NA,NA,FALSE,TRUE,TRUE,TRUE,"good","1970-01-01","2022-12-31",19129,0.988,"2005-01-01 00:00:00","2022-12-31 23:00:00",152225,0.965,1970-10-01,2022-09-30,51,1970-10-01,2022-09-30,51,1970-10-01,2018-09-30,47
"SI-0025","SI","ARSO","Veliki Obrh","5580","Vrhnika pri Ložu",14.5050938625075,45.7045135754707,4672076.09295147,2520829.56630344,577.14,"stream_station",FALSE,NA,"5790; 5910; 5860; 5870; 5880; 5270; 5130; 5160; 5170; 5150;  5240; 5250; 5030",FALSE,"?","previously used for drinking water extraction for Vrhnike pri Ložu (exact time period not documented)",NA,"permanent","Dinaric Karst; Loško Polje; waters from Babno Polje, Snežnik plateau and Racna Gora plateau emerge on Loško Polje at Mali and Veliki Obrh",TRUE,FALSE,59.76,68.968,"Dinarides",NA,"https://doi.org/10.1007/978-3-030-48336-4_2; https://doi.org/10.1201/b21380; https://meteo.arso.gov.si/uploads/probase/www/hidro/watercycle/text/sl/observation_sites/springs/Veliki%20Obrh.pdf",NA,"Q542",NA,FALSE,TRUE,TRUE,TRUE,"good","1961-01-01","2022-12-31",13333,0.589,"2004-04-22 10:00:00","2022-12-31 23:00:00",162254,0.99,1961-10-01,2022-09-30,33,1961-10-01,2022-09-30,33,1961-10-01,2018-09-30,29
"SI-0026","SI","ARSO","Mali Obrh","5600","Kozarišce",14.472881692033,45.6815145145396,4669715.95394687,2518129.15445887,575,"stream_station",FALSE,NA,"5790; 5610; 5620; 5910; 5860; 5870; 5880; 5270; 5130; 5160; 5170; 5150; 5240; 5250; 5030",FALSE,"TRUE","drinking water extraction (negligable amounts)","downstream of the main spring emergences; station elevation derived from COP-30 DEM","permanent spring at Sneznik castle, intermittent spring further south","Dinaric Karst; Loško Polje; waters from Babno Polje, Snežnik plateau and Racna Gora plateau emerge on Loško Polje at Mali and Veliki Obrh",FALSE,FALSE,NA,47.978,"Dinarides","polje is flooded regularly, reliability of high discharges questionable","https://doi.org/10.1007/978-3-030-48336-4_2; https://doi.org/10.1201/b21380",NA,NA,NA,FALSE,FALSE,TRUE,FALSE,"good","1961-01-01","1969-12-31",2921,0.889,NA,NA,NA,NA,1961-10-01,1969-09-30,6,1961-10-01,1969-09-30,6,1961-10-01,1969-09-30,6
"SI-0027","SI","ARSO","Mali Obrh","5610","Snežnik",14.4728581144121,45.6840339149619,4669698.05501109,2518408.28163016,570.87,"stream_station",FALSE,"5600","5790; 5620; 5910; 5860; 5870; 5880; 5270; 5130; 5160; 5170; 5150; 5240; 5250; 5030",FALSE,"TRUE","drinking water extraction (negligable amounts)","> 1 km from station; downstream of the main spring emergences","permanent spring at Sneznik castle, intermittent spring further south","Dinaric Karst; Loško Polje; waters from Babno Polje, Snežnik plateau and Racna Gora plateau emerge on Loško Polje at Mali and Veliki Obrh",FALSE,FALSE,NA,44.979,"Dinarides","polje is flooded regularly, reliability of high discharges questionable","https://doi.org/10.1007/978-3-030-48336-4_2; https://doi.org/10.1201/b21380",NA,NA,NA,FALSE,FALSE,TRUE,FALSE,"good","1954-01-01","1975-12-31",8035,1,NA,NA,NA,NA,1954-10-01,1975-09-30,21,1954-10-01,1975-09-30,21,1954-10-01,1975-09-30,21
"SI-0028","SI","ARSO","Mali Obrh","5620","Šmarata",14.4676840598175,45.6881491987833,4669269.03593552,2518840.19316395,569.19,"stream_station",FALSE,"5600; 5610","5790; 5910; 5860; 5870; 5880; 5270; 5130; 5160; 5170; 5150; 5240; 5250; 5030",FALSE,"TRUE","drinking water extraction (negligable amounts)","> 1 km from station; downstream of the main spring emergences","permanent spring at Sneznik castle, intermittent spring further south","Dinaric Karst; Loško Polje; waters from Babno Polje, Snežnik plateau and Racna Gora plateau emerge on Loško Polje at Mali and Veliki Obrh",FALSE,FALSE,NA,47.978,"Dinarides","polje is flooded regularly, reliability of high discharges questionable","https://doi.org/10.1007/978-3-030-48336-4_2; https://doi.org/10.1201/b21380",NA,NA,NA,FALSE,FALSE,TRUE,FALSE,"good","1973-01-01","1988-12-31",5114,0.875,NA,NA,NA,NA,1973-10-01,1986-09-30,11,1973-10-01,1986-09-30,11,1973-10-01,1986-09-30,11
"SI-0029","SI","ARSO","Goricki potok","5700","Goricica",14.4182542912349,45.7378490080425,4665107.90498899,2524119.11190378,549.19,"spring_station",FALSE,NA,"5790; 5910; 5860; 5870; 5880; 5270; 5130; 5160; 5170; 5150; 5240; 5250; 5030",FALSE,"FALSE",NA,NA,"additional names: Zlatavec","Dinaric Karst; Cerkniško Polje",FALSE,FALSE,NA,3.998,"Dinarides","flooding up to 2 months per year","https://doi.org/10.3986/ac.v39i1.111; https://doi.org/10.1016/j.ejrh.2023.101609",NA,NA,NA,FALSE,FALSE,TRUE,FALSE,"good","1961-01-01","1975-12-31",3398,0.62,NA,NA,NA,NA,1961-10-01,1975-09-30,6,1961-10-01,1975-09-30,6,1961-10-01,1975-09-30,6
"SI-0030","SI","ARSO","Lipsenjšcica","5720","Lipsenj",14.4283792702304,45.7531068215818,4665799.02618201,2525857.15889418,550.52,"stream_station",FALSE,NA,"5790; 5910; 5860; 5870; 5880; 5270; 5130; 5160; 5170; 5150; 5240; 5250; 5030",FALSE,"FALSE",NA,"> 1 km from station; outside of flooding area","fractured spring","Dinaric Karst; Cerkniško Polje; fed by sinking water of Bloke plateau",FALSE,FALSE,NA,43.98,"Dinarides",NA,"https://doi.org/10.3986/ac.v39i1.111; https://doi.org/10.1016/j.ejrh.2023.101609; https://doi.org/10.3986/ac.v37i2-3.147",NA,NA,NA,FALSE,FALSE,TRUE,FALSE,"good","1954-01-01","1967-12-31",3347,0.655,NA,NA,NA,NA,1954-10-01,1967-09-30,8,1954-10-01,1967-09-30,8,1954-10-01,1967-09-30,8
"SI-0031","SI","ARSO","Žerovnišcica","5730","Žerovnica",14.425609276235,45.760021535968,4665539.98168382,2526610.78582136,553.93,"stream_station",FALSE,NA,"5790; 5910; 5860; 5870; 5880; 5270; 5130; 5160; 5170; 5150; 5240; 5250; 5030",FALSE,"FALSE",NA,"outside of flooding area","additional names: S<U+030C>tebers<U+030C>c<U+030C>ica","Dinaric Karst; Cerkniško Polje; fed by sinking water of Bloke plateau; collects water from poorly karstified dolomite region of Slivnica Mountain",FALSE,FALSE,NA,9.995,"Dinarides","step pattern","https://doi.org/10.3986/ac.v39i1.111; https://doi.org/10.1016/j.ejrh.2023.101609; https://doi.org/10.3986/ac.v37i2-3.147",NA,NA,NA,FALSE,FALSE,TRUE,FALSE,"good","1955-01-01","1985-12-31",10868,0.96,NA,NA,NA,NA,1955-10-01,1985-09-30,27,1955-10-01,1985-09-30,27,1955-10-01,1985-09-30,27
"SI-0032","SI","ARSO","Grahovšcica","5740","Grahovo",14.4258863651357,45.7706407035588,4665494.46429271,2527789.13554814,578.05,"stream_station",FALSE,NA,"5790; 5910; 5860; 5870; 5880; 5270; 5130; 5160; 5170; 5150; 5240; 5250; 5030",FALSE,"FALSE",NA,"outside of flooding area",NA,"Dinaric Karst; Cerkniško Polje; water from poorly karstified dolomite region of Slivnica Mountain",FALSE,FALSE,NA,1,"Dinarides","step pattern","https://doi.org/10.3986/ac.v39i1.111; https://doi.org/10.1016/j.ejrh.2023.101609",NA,NA,NA,FALSE,FALSE,TRUE,FALSE,"good","1958-01-01","1975-12-31",6209,0.944,NA,NA,NA,NA,1958-10-01,1975-09-30,15,1958-10-01,1975-09-30,15,1958-10-01,1975-09-30,15
"SI-0033","SI","ARSO","Martinjšcica","5750","Martinjak",14.4041053961914,45.7754784942074,4663770.97396178,2528224.86457521,561.71,"spring_station",FALSE,NA,"5790; 5910; 5860; 5870; 5880; 5270; 5130; 5160; 5170; 5150; 5240; 5250; 5030",FALSE,"FALSE",NA,"outside of flooding area","fractured spring; additional names: Zavrh","Dinaric Karst; Cerkniško Polje; water from poorly karstified dolomite region of Slivnica Mountain",FALSE,FALSE,NA,4.998,"Dinarides","step pattern","https://doi.org/10.3986/ac.v39i1.111; https://doi.org/10.1016/j.ejrh.2023.101609; https://meteo.arso.gov.si/uploads/probase/www/hidro/watercycle/text/sl/observation_sites/springs/Zavrh.pdf",NA,NA,NA,FALSE,FALSE,TRUE,FALSE,"good","1962-01-01","1975-12-31",3381,0.661,NA,NA,NA,NA,1962-10-01,1975-09-30,5,1962-10-01,1975-09-30,5,1962-10-01,1975-09-30,5
"SI-0034","SI","ARSO","Rak","5790","Slivice",14.2931546298209,45.7941936657753,4655032.08263573,2529795.20512317,498.43,"spring_station",FALSE,"5580; 5620; 5610; 5600; 5700; 5720; 5730; 5740; 5750","5910; 5860; 5870; 5880; 5270; 5130; 5160; 5170; 5150; 5240; 5250; 5030",FALSE,"FALSE",NA,"measures resurgence of waters from Cerkniško Polje, which emerge at Zelske Jame (cave) and karst springs Izvir Prunkovec (permanent) and Izvir Kotlici (intermittent)","resurgence at cave and two additional karst springs","Dinaric Karst; resurgence of water from Cerkniško Polje; waters from Javorniki plateau",FALSE,FALSE,NA,368.831,"Dinarides",NA,NA,NA,NA,NA,FALSE,FALSE,TRUE,FALSE,"good","1961-02-09","1975-12-31",4624,0.85,NA,NA,NA,NA,1962-10-01,1975-09-30,9,1962-10-01,1975-09-30,9,1962-10-01,1975-09-30,9
"SI-0035","SI","ARSO","Unica","5860","Planinska jama",14.2449549076904,45.8200704556205,4651129.7194192,2532448.85189325,534,"spring_station",TRUE,"5790; 5580; 5620; 5610; 5600; 5700; 5720; 5730; 5740; 5750","5870; 5880; 5270; 5130; 5160; 5170; 5150; 5240; 5250; 5030",FALSE,"FALSE",NA,"station elevation derived from COP-30 DEM","cave","Dinaric Karst; Planinsko Polje; binary catchment (allogenic (sinking rivers Pivka, Rak, Stržen) and autogenic (Javorniki karst plateau))",TRUE,FALSE,820.91,494.774,"Dinarides",NA,"https://doi.org/10.1007/s12665-012-1523-4; https://doi.org/10.1002/ldr.5250; https://doi.org/10.1201/b21380",NA,"Q539",NA,FALSE,FALSE,TRUE,FALSE,"good","1961-01-01","1973-12-31",4017,0.846,NA,NA,NA,NA,1961-10-01,1973-09-30,9,1961-10-01,1973-09-30,9,1961-10-01,1973-09-30,9
"SI-0036","SI","ARSO","Unica","5870","Most v Malne",14.2539869132524,45.8279579277511,4651783.35698952,2533363.34197705,445.32,"stream_station",TRUE,"5860; 5790; 5580; 5620; 5610; 5600; 5700; 5720; 5730; 5740; 5750","5880; 5270; 5130; 5160; 5170; 5150; 5240; 5250; 5030",FALSE,"FALSE",NA,NA,"cave","Dinaric Karst; Planinsko Polje; binary catchment (allogenic (sinking rivers Pivka, Rak, Stržen) and autogenic (Javorniki karst plateau))",TRUE,FALSE,820.91,543.751,"Dinarides",NA,"https://doi.org/10.1007/s12665-012-1523-4; https://doi.org/10.1002/ldr.5250; https://doi.org/10.1201/b21380",NA,"Q539",NA,FALSE,FALSE,TRUE,FALSE,"good","1954-01-01","1975-12-31",7548,0.939,NA,NA,NA,NA,1954-10-01,1975-09-30,19,1954-10-01,1975-09-30,19,1954-10-01,1975-09-30,19
"SI-0037","SI","ARSO","Unica","5880","Hasberg",14.2637533873681,45.8286437811692,4652537.66027105,2533482.81737589,444.88,"stream_station",TRUE,"5860; 5870; 5910; 5790; 5580; 5620; 5610; 5600; 5700; 5720; 5730; 5740; 5750","5270; 5130; 5160; 5170; 5150; 5240; 5250; 5030",FALSE,"TRUE","drinking water extraction","> 1 km from station; downstream of water extraction","cave","Dinaric Karst; Planinsko Polje; binary catchment (allogenic (sinking rivers Pivka, Rak, Stržen) and autogenic (Javorniki karst plateau))",TRUE,FALSE,820.91,770.648,"Dinarides","discharge-rating curve changed in 2008; at high-water conditions station gets flooded: lake effect (water level does not increase even though discharge increases), plateau in discharge data at about 80 m³/s","https://doi.org/10.1007/s12665-012-1523-4; https://doi.org/10.1002/ldr.5250; https://doi.org/10.1201/b21380; https://doi.org/10.5194/hess-29-3037-2025","SI-0010","Q539",NA,FALSE,TRUE,TRUE,TRUE,"good","1926-01-01","2022-12-31",35429,1,"2005-01-01 00:00:00","2022-12-31 23:00:00",141911,0.899,1950-10-01,2022-09-30,72,1951-10-01,2022-09-30,71,1950-10-01,2018-09-30,68
"SI-0038","SI","ARSO","Malenšcica","5910","Malni",14.2550701217687,45.8229674698341,4651897.8014177,2532814.91725229,444.86,"spring_station",TRUE,"5790; 5580; 5620; 5610; 5600; 5700; 5720; 5730; 5740; 5750","5880; 5270; 5130; 5160; 5170; 5150; 5240; 5250; 5030",FALSE,"TRUE","drinking water extraction (captured)","downstream of water extraction","diffuse outflow from numerous perennial and temporal orifrices; one of the most important springs of Slovenia","Dinaric karst; Planinsko Polje; catchment overlaps with Unica catchment (exception: Lower Pivka Basin only in Unica's recharge area); more autogenic recharge compared to Unica; binary catchment (autogenic and allogenic)",TRUE,FALSE,725.96,230.894,"Dinarides","maximum discharges of the spring are constrained because the surpluses of inflowing water at high-water conditions are directed towards underground conduits of the Unica spring","https://meteo.arso.gov.si/uploads/probase/www/hidro/watercycle/text/sl/observation_sites/springs/Malenscica.pdf; https://doi.org/10.1007/s12665-012-1523-4; https://doi.org/10.1002/ldr.5250; https://doi.org/10.1201/b21380; https://doi.org/10.5194/hess-29-3037-2025","SI-0001","Q312",NA,FALSE,TRUE,TRUE,TRUE,"good","1961-01-01","2022-12-31",21184,0.935,"2017-01-01 00:00:00","2022-12-31 23:00:00",52584,1,1961-10-01,2022-09-30,56,1961-10-01,2022-09-30,56,1961-10-01,2018-09-30,52
"SI-0039","SI","ARSO","Letošc","6253","Letožnik",14.8664730994229,46.280727452187,4696182.52687572,2586461.09703151,390.32,"spring_station",TRUE,NA,NA,FALSE,"TRUE","drinking water extraction for municipalities of Nazarje, Mozirje and Recica ob Savinji, and partly Gornji Grad, Ljubno and Šmartno ob","downstream of water extraction","tributary to Dreta","Alpine region; Kamnik–Savinja Alps; triassic dolomites",TRUE,FALSE,6.569,23.989,"Southern Alpine",NA,"https://meteo.arso.gov.si/uploads/probase/www/hidro/watercycle/text/sl/observation_sites/springs/Letosc.pdf",NA,NA,NA,FALSE,TRUE,TRUE,TRUE,"good","2005-11-26","2011-12-31",1626,0.73,"2005-11-25 13:00:00","2011-12-31 23:00:00",39325,0.736,2005-10-01,2008-09-30,3,2005-10-01,2008-09-30,3,2005-10-01,2008-09-30,3
"SI-0040","SI","ARSO","Krka","7010","Gradicek",14.7725664371716,45.8893650396561,4691629.06209273,2542613.18904036,267.54,"spring_station",FALSE,"7210",NA,FALSE,"FALSE",NA,NA,"spring lake","Dinaric Karst; binary catchment (allogenic recharge by sinking river Šica (7210))",FALSE,FALSE,NA,246.887,"Dinarides","step pattern in less recent data","https://doi.org/10.3986/ac.v35i2-3.232",NA,"Q270",NA,FALSE,FALSE,TRUE,FALSE,"good","1959-01-01","1976-12-31",5479,0.833,NA,NA,NA,NA,1959-10-01,1972-09-30,13,1959-10-01,1972-09-30,13,1959-10-01,1972-09-30,13
"SI-0041","SI","ARSO","Šica","7210","Mala Racna",14.6931449506842,45.8983585286946,4685410.43132106,2543217.76114934,325,"spring_station",FALSE,NA,"7010; 7230",FALSE,"FALSE",NA,"station elevation derived from COP-30 DEM","intermittent","Dinaric Karst; binary catchment (allogenic recharge by sinking river Rašica)",FALSE,FALSE,NA,102.953,"Dinarides",NA,"https://doi.org/10.3986/ac.v35i2-3.232",NA,NA,NA,FALSE,FALSE,TRUE,FALSE,"good","1965-01-01","1968-12-31",1461,1,NA,NA,NA,NA,1965-10-01,1968-09-30,3,1965-10-01,1968-09-30,3,1965-10-01,1968-09-30,3
"SI-0042","SI","ARSO","Poltarica","7230","Gradicek",14.7685487125878,45.8867740072309,4691335.19383458,2542306.03332425,268.09,"spring_station",FALSE,"7210",NA,FALSE,"FALSE",NA,NA,"fractured springs (from two fractures); spring pond at high waters","Dinaric Karst; binary catchment (allogenic recharge by sinking river Šica (7210))",TRUE,FALSE,330.538,63.971,"Dinarides",NA,"https://doi.org/10.3986/ac.v35i2-3.232",NA,NA,NA,FALSE,TRUE,TRUE,TRUE,"good","1955-01-01","2022-12-31",11549,0.465,"2008-01-01 01:00:00","2022-12-31 23:00:00",119383,0.908,1955-10-01,2022-09-30,27,1955-10-01,2022-09-30,27,1955-10-01,2016-09-30,24
"SI-0043","SI","ARSO","Globocec","7245","Fužina",14.8204503508248,45.8565345390485,4695567.81158521,2539214.47381808,245.44,"spring_station",FALSE,NA,NA,FALSE,"TRUE","drinking water extraction for the Suha Krajina region (main spring)","downstream of water extraction (spring capture)",NA,"Dinaric Karst; binary catchment (allogenic recharge by sinking river Trz<U+030C>is<U+030C>c<U+030C>ica at high waters and by sinking stream Rpac<U+030C>a)",TRUE,FALSE,111.585,31.985,"Dinarides",NA,"https://doi.org/10.3986/ac.v35i2-3.232; https://meteo.arso.gov.si/uploads/probase/www/hidro/watercycle/text/sl/observation_sites/springs/Globocec.pdf",NA,"Q208",NA,FALSE,TRUE,TRUE,TRUE,"good","2018-01-01","2022-12-31",1826,1,"2018-01-01 00:00:00","2022-12-31 23:00:00",43824,1,2018-10-01,2022-09-30,4,2018-10-01,2022-09-30,4,NA,NA,NA
"SI-0044","SI","ARSO","Precna","7340","Precna",15.1087132023593,45.8147448795791,4718232.77166878,2536078.15848908,163.82,"stream_station",FALSE,NA,NA,FALSE,"FALSE","hydropower plant (small) just below the spring","downstream of hydropower station","resurgence (of Temenica sinking stream which sinks into sinkholes in Goriška vas)","Dinaric Karst; recharge in the Temenica catchment is allogenic (surface water collection) and autogenic when the stream reaches karstfied limestones; Precna spring represents the outflow from practically the entire aquifer system of the Temenica area, but during high flow, part of the water drains towards Bršljinski potok",FALSE,FALSE,NA,253.884,"Dinarides",NA,"https://meteo.arso.gov.si/uploads/probase/www/hidro/watercycle/text/sl/observation_sites/springs/Luknja%20Precna.pdf",NA,NA,NA,FALSE,TRUE,TRUE,TRUE,"good","1953-01-01","2022-12-31",25522,0.998,"1991-11-01 00:00:00","2022-12-31 23:00:00",166318,0.609,1953-10-01,2022-09-30,69,1953-10-01,2022-09-30,69,1953-10-01,2018-09-30,65
"SI-0045","SI","ARSO","Težka voda","7350","Stopice",15.2026896904377,45.7669662258738,4725881.28055899,2531290.95354354,190.7,"spring_station",FALSE,NA,NA,FALSE,"TRUE","drinking water extraction for Novo Mesto (considerable amount expected)","downstream of water extraction",NA,"Dinaric Karst; catchment area based on water balance and tracer tests, but no delineation possible because of complicated groundwater dynamics",FALSE,FALSE,NA,34.984,"Dinarides",NA,"https://meteo.arso.gov.si/uploads/probase/www/hidro/watercycle/text/sl/observation_sites/springs/Tezka%20voda.pdf",NA,NA,NA,FALSE,TRUE,TRUE,TRUE,"good","1955-08-01","2022-12-31",15856,0.644,"2004-07-29 10:00:00","2022-12-31 23:00:00",140200,0.868,1955-10-01,2022-09-30,41,1955-10-01,2022-09-30,41,1955-10-01,2018-09-30,40
"SI-0046","SI","ARSO","Zadnjica","8210","Trenta",13.7537772623463,46.3817294990665,4609949.94429245,2592689.53166446,616.2,"stream_station",TRUE,NA,NA,TRUE,"?",NA,"> 2 km from station","moving spring, torrential character","Alpine region; Julian Alps",TRUE,TRUE,23.455,54.975,"Southern Alpine","step pattern in less recent data",NA,NA,NA,NA,FALSE,FALSE,TRUE,FALSE,"good","1955-01-01","1973-12-31",6940,1,NA,NA,NA,NA,1955-10-01,1973-09-30,18,1955-10-01,1973-09-30,18,1955-10-01,1973-09-30,18
"SI-0047","SI","ARSO","Lepena","8220","Lepena",13.655714298297,46.3143101364735,4602762.61412678,2584834.3750404,478,"stream_station",TRUE,NA,NA,TRUE,"?",NA,"> 2 km from station; station elevation derived from COP-30 DEM","moving spring, torrential character","Alpine region; Julian Alps",TRUE,TRUE,33.992,50.977,"Southern Alpine",NA,NA,NA,NA,NA,FALSE,FALSE,TRUE,FALSE,"good","1964-01-01","1973-12-31",3288,0.9,NA,NA,NA,NA,1964-10-01,1973-09-30,7,1964-10-01,1973-09-30,7,1964-10-01,1973-09-30,7
"SI-0048","SI","ARSO","Zadlašcica","8340","Zadlaz",13.7641745257192,46.2143113727612,4611654.34213008,2574159.92024052,380,"stream_station",TRUE,NA,NA,TRUE,"TRUE","hydropower plant constructed in 1989 downstream of the station; dual use for hydropower and drinking water supply for the Tolmin area","> 2 km from station",NA,"Alpine region; Julian Alps",FALSE,FALSE,NA,57.974,"Southern Alpine",NA,NA,NA,NA,NA,FALSE,FALSE,TRUE,FALSE,"good","1954-01-01","1966-12-31",4748,1,NA,NA,NA,NA,1954-10-01,1966-09-30,12,1954-10-01,1966-09-30,12,1954-10-01,1966-09-30,12
"SI-0049","SI","ARSO","Vipava","8550","Vipava",13.9628012210025,45.8442263492467,4629074.45392272,2533917.6650414,97.35,"spring_station",TRUE,NA,"8560; 8561",FALSE,"TRUE","drinking water extraction for Vipava and surroundings (served as alternative spring); use for water supply stopped around 2015","downstream of water extraction","seven permanent springs (differ from each other both in temperature and in physico-chemical parameters); contact springs (flysch and carbonate rocks)","Dinaric Karst; autogenic recharge area (Nanos and Hrušice karst plateau, major influence) and allogenic recharge area (lower Pivka basin (flysch), 9 km², minor influence)",TRUE,FALSE,118.377,243.889,"Dinarides",NA,"https://doi.org/10.3986/ac.v40i2.13; https://doi.org/10.1201/b21380; https://meteo.arso.gov.si/uploads/probase/www/hidro/watercycle/text/sl/observation_sites/springs/Vipava.pdf",NA,NA,NA,FALSE,FALSE,TRUE,FALSE,"good","1948-01-01","1965-12-31",6573,1,NA,NA,NA,NA,1950-10-01,1965-09-30,15,1951-10-01,1965-09-30,14,1950-10-01,1965-09-30,15
"SI-0050","SI","ARSO","Vipava","8560","Vipava I",13.9618081679503,45.8422377804603,4629008.58766177,2533693.06557926,96.38,"spring_station",TRUE,"8550","8561",FALSE,"TRUE","drinking water extraction for Vipava and surroundings (served as alternative spring); use for water supply stopped around 2015","downstream of water extraction","seven permanent springs (differ from each other both in temperature and in physico-chemical parameters); contact springs (flysch and carbonate rocks)","Dinaric Karst; autogenic recharge area (Nanos and Hrušice karst plateau, major influence) and allogenic recharge area (lower Pivka basin (flysch), 9 km², minor influence)",TRUE,FALSE,118.377,218.9,"Dinarides",NA,"https://doi.org/10.3986/ac.v40i2.13; https://doi.org/10.1201/b21380; https://meteo.arso.gov.si/uploads/probase/www/hidro/watercycle/text/sl/observation_sites/springs/Vipava.pdf","SI-0011",NA,NA,FALSE,TRUE,TRUE,TRUE,"good","1960-01-01","2014-12-31",20089,1,"1993-07-01 00:00:00","2014-12-31 22:00:00",86957,0.461,1960-10-01,2014-09-30,54,1960-10-01,2014-09-30,54,1960-10-01,2014-09-30,54
"SI-0051","SI","ARSO","Vipava","8561","Vipava II",13.9610825886528,45.8421815278285,4628952.55690885,2533683.82677138,96.09,"spring_station",TRUE,"8550; 8560",NA,FALSE,"TRUE","drinking water extraction for Vipava and surroundings (served as alternative spring); use for water supply stopped around 2015","downstream of water extraction","seven permanent springs (differ from each other both in temperature and in physico-chemical parameters); contact springs (flysch and carbonate rocks)","Dinaric Karst; autogenic recharge area (Nanos and Hrušice karst plateau, major influence) and allogenic recharge area (lower Pivka basin (flysch), 9 km², minor influence)",TRUE,FALSE,118.377,218.9,"Dinarides",NA,"https://doi.org/10.3986/ac.v40i2.13; https://doi.org/10.1201/b21380; https://meteo.arso.gov.si/uploads/probase/www/hidro/watercycle/text/sl/observation_sites/springs/Vipava.pdf",NA,NA,NA,FALSE,TRUE,TRUE,TRUE,"good","2015-01-01","2022-12-31",2922,1,"2015-01-01 00:00:00","2022-12-31 23:00:00",70120,1,2015-10-01,2022-09-30,7,2015-10-01,2022-09-30,7,2015-10-01,2018-09-30,3
"SI-0052","SI","ARSO","Hubelj","8630","Ajdovšcina I",13.9051326515164,45.8938040835425,4624319.33558552,2539178.15236432,107.14,"stream_station",TRUE,NA,NA,FALSE,"TRUE","drinking water extraction for Ajdovšcina and the surrounding area (mean abstraction 30 l/s, maximum abstraction 100 l/s)","> 2 km from station; downstream of water extraction","perennial main spring; intermittent from cracks","Dinaric Karst; only autogenic recharge from high karst plateau of Trnovski Gozd; highly karstified Jurassic limestones and dolomites",TRUE,FALSE,76.641,86.96,"Dinarides",NA,"https://doi.org/10.3986/ac.v42i1.640; https://doi.org/10.1201/b21380; https://meteo.arso.gov.si/uploads/probase/www/hidro/watercycle/text/sl/observation_sites/springs/Hubelj.pdf; Kranjc, 1997; https://doi.org/10.5194/hess-29-3037-2025","SI-0004","Q232",NA,FALSE,TRUE,TRUE,TRUE,"good","1955-10-13","2022-12-31",24138,0.983,"1993-03-18 02:00:00","2022-12-31 23:00:00",157361,0.603,1955-10-01,2022-09-30,65,1955-10-01,2022-09-30,65,1955-10-01,2018-09-30,61
"SI-0053","SI","ARSO","Lijak","8650","Šmihel",13.7154745018661,45.9562615168733,4609270.77893562,2545350.55180077,69.76,"spring_station",FALSE,NA,NA,FALSE,"FALSE",NA,NA,"intermittent spring with torrential character; overflow spring","Dinaric Karst; Trnovsko Banjs<U+030C>ka planota (high karst plateau) which is supposed to be the most important reservoir of karst groundwater in Slovenia; Jurassic and Cretaceous limestone of Trnovo nappe; assumed to be an overflow spring at high water conditions for karst water which usually drains towards Mrzlek spring; at very high water conditions groundwater from Hubelj system overflows to Mrzlek-Lijak system, the groundwater divide between the Mrzlek-Lijak system and Hubelj systems shifts",FALSE,FALSE,NA,20.99,"Dinarides",NA,"https://doi.org/10.3986/ac.v42i1.640; https://hmljn.arso.gov.si/vode/publikacije%20in%20poro%C4%8Dila/Vodno_bogastvo_5podzemne_vode.pdf",NA,NA,NA,FALSE,TRUE,TRUE,TRUE,"good","1964-01-01","1998-12-31",7305,0.571,"1990-10-22 00:00:00","1998-10-31 23:00:00",15282,0.217,1964-10-01,1998-09-30,18,1964-10-01,1998-09-30,18,1964-10-01,1998-09-30,18
"SI-0054","SI","ARSO","Ilirska Bistrica","9100","Ilirska Bistrica",14.2417040341804,45.5643838431986,4652423.40445392,2504091.2959252,396.7,"stream_station",FALSE,NA,NA,FALSE,"TRUE","drinking water extraction (for 15000 people); reduces the volume of the total discharge at the gauging station by approximately 100 l/s","downstream of water extraction; station does not include all the water emerging at the contact between limestine Snežnik plateau and Flysch Reka Valley",NA,"Dinaric Karst, catchment area 50 km², only autogenic",TRUE,FALSE,50.138,42.98,"Dinarides",NA,"https://doi.org/10.3986/ac.v32i2.350; https://doi.org/10.1201/b21380; https://meteo.arso.gov.si/uploads/probase/www/hidro/watercycle/text/sl/observation_sites/springs/Ilirska%20Bistrica.pdf","SI-0012",NA,NA,FALSE,TRUE,TRUE,TRUE,"good","1958-01-01","2022-12-31",17003,0.716,"2008-01-01 00:00:00","2022-12-31 23:00:00",110021,0.837,1958-10-01,2022-09-30,44,1958-10-01,2022-09-30,44,1958-10-01,2018-09-30,40
"SI-0055","SI","ARSO","Rižana","9210","Kubed II",13.8761743806387,45.5326259009301,4624068.91730736,2499014.78610165,61.13,"stream_station",FALSE,"9200","9220; 9230",TRUE,"TRUE","drinking water extraction at constant rate of approx. 100 l/s (Poljanšek, 2018) or 200 l/s (Kovavic & Ravbar, 2016); water extraction increased from 1948 with peak in the 80s; since 1987 water is extracted by pumping directly from the aquifer upstream of the spring; 100 l/s are reinjected into the river to ensure the ecological minimum; most important drinking water supply for coastal region","limnigraph; surface tributaries mostly dry",NA,"Dinaric Karst; 200 km² autogenic recharge area with Cretaceous and Paleocene limestones; 44 km² allogenic recharge area with small surface streams on the  Eocene Flysch; very complex aquifer system with overlaying aquifers; sub-mediterranean",TRUE,FALSE,244.353,152.93,"Dinarides",NA,"https://meteo.arso.gov.si/uploads/probase/www/hidro/watercycle/text/sl/observation_sites/springs/Rizana.pdf; https://doi.org/10.1007/s12665-009-0406-9; https://doi.org/10.1002/ldr.5250; https://doi.org/10.1201/b21380; https://doi.org/10.1007/s12665-018-7278-9","SI-0002","Q437",NA,FALSE,TRUE,TRUE,TRUE,"good","1965-05-01","2022-12-31",20920,0.993,"1997-08-01 00:00:00","2022-12-31 23:00:00",198685,0.892,1965-10-01,2022-09-30,56,1965-10-01,2022-09-30,56,1965-10-01,2018-09-30,52
"SI-0056","SI","ARSO","Rižana","9220","Kubed I",13.8747979985756,45.5334046009493,4623957.11802331,2499095.51943532,60.02,"stream_station",FALSE,"9200; 9210","9230",TRUE,"TRUE","drinking water extraction at constant rate of approx. 100 l/s (Poljanšek, 2018) or 200 l/s (Kovavic & Ravbar, 2016); water extraction increased from 1948 with peak in the 80s; since 1987 water is extracted by pumping directly from the aquifer upstream of the spring; 100 l/s are reinjected into the river to ensure the ecological minimum; most important drinking water supply for coastal region","limnigraph; surface tributaries mostly dry",NA,"Dinaric Karst; 200 km² autogenic recharge area with Cretaceous and Paleocene limestones; 44 km² allogenic recharge area with small surface streams on the  Eocene Flysch; very complex aquifer system with overlaying aquifers; sub-mediterranean",TRUE,FALSE,244.353,179.918,"Dinarides",NA,"https://meteo.arso.gov.si/uploads/probase/www/hidro/watercycle/text/sl/observation_sites/springs/Rizana.pdf; https://doi.org/10.1007/s12665-009-0406-9; https://doi.org/10.1002/ldr.5250; https://doi.org/10.1201/b21380; https://doi.org/10.1007/s12665-018-7278-9",NA,"Q437",NA,FALSE,FALSE,TRUE,FALSE,"good","1947-01-01","1964-09-20",6473,1,NA,NA,NA,NA,1950-10-01,1964-09-30,14,1951-10-01,1964-09-30,13,1950-10-01,1964-09-30,14
"SI-0057","SI","ARSO","Rižana","9230","Kubed",13.8723783562003,45.5327508825183,4623771.7312484,2499013.21353927,60.02,"stream_station",FALSE,"9200; 9210; 9220",NA,TRUE,"TRUE","drinking water extraction at constant rate of approx. 100 l/s (Poljanšek, 2018) or 200 l/s (Kovavic & Ravbar, 2016); water extraction increased from 1948 with peak in the 80s; since 1987 water is extracted by pumping directly from the aquifer upstream of the spring; 100 l/s are reinjected into the river to ensure the ecological minimum; most important drinking water supply for coastal region","> 1 km from station; limnigraph; surface tributaries mostly dry",NA,"Dinaric Karst; 200 km² autogenic recharge area with Cretaceous and Paleocene limestones; 44 km² allogenic recharge area with small surface streams on the  Eocene Flysch; very complex aquifer system with overlaying aquifers; sub-mediterranean",TRUE,FALSE,244.353,186.915,"Dinarides",NA,"https://meteo.arso.gov.si/uploads/probase/www/hidro/watercycle/text/sl/observation_sites/springs/Rizana.pdf; https://doi.org/10.1007/s12665-009-0406-9; https://doi.org/10.1002/ldr.5250; https://doi.org/10.1201/b21380; https://doi.org/10.1007/s12665-018-7278-9",NA,"Q437",NA,FALSE,FALSE,TRUE,FALSE,"good","1924-07-01","1957-12-31",8523,0.696,NA,NA,NA,NA,1952-10-01,1954-09-30,2,1952-10-01,1954-09-30,2,1952-10-01,1954-09-30,2
